reaction,minimum,maximum,minimum_status,maximum_status,blocked_at_tol
r_0002,0.0,5.444778172252522,optimal,optimal,False
r_0003,-0.9303652855221021,0.0,optimal,optimal,False
r_0007,0.0006763753986088135,0.006763755077567594,optimal,optimal,False
r_0012,0.0,5.595952743840242,optimal,optimal,False
r_0013,1.5378222875943139e-06,1.508922155055038,optimal,optimal,False
r_0014,8.093801019304053e-06,8.093801130012356e-05,optimal,optimal,False
r_0015,8.093801019304043e-06,8.093801130012471e-05,optimal,optimal,False
r_0016,0.002148825886142512,0.7270694840742303,optimal,optimal,False
r_0017,0.0,5.12162341406485e-06,optimal,optimal,False
r_0018,0.0026660952194984284,0.02666095649731129,optimal,optimal,False
r_0019,1.5378222876915683e-06,1.537822535759856e-05,optimal,optimal,False
r_0020,0.0,1.0485060947362426,optimal,optimal,False
r_0021,-8.833600148521829e-20,-8.833600148521829e-20,optimal,optimal,True
r_0022,-8.833600148521829e-20,-8.833600148521829e-20,optimal,optimal,True
r_0023,-0.6524113592367029,-0.002934191490852556,optimal,optimal,False
r_0024,0.0,0.6512583871135084,optimal,optimal,False
r_0025,0.0,0.6230147131672628,optimal,optimal,False
r_0026,0.0,1.5089221557239711,optimal,optimal,False
r_0027,0.0026660952194984392,0.026660956497311383,optimal,optimal,False
r_0028,0.0,2.180378469553387,optimal,optimal,False
r_0032,0.0,4.993805258860437,optimal,optimal,False
r_0033,0.0,9.98568017904525,optimal,optimal,False
r_0034,0.0,0.0,optimal,optimal,True
r_0035,0.0,0.0,optimal,optimal,True
r_0036,0.0,9.98568017904528,optimal,optimal,False
r_0037,0.0,0.0,optimal,optimal,True
r_0038,1.6187602038608103e-05,0.00016187604650831175,optimal,optimal,False
r_0039,0.00270757751462828,1.0485060944302376,optimal,optimal,False
r_0040,0.0027075775146276535,1.048506140676489,optimal,optimal,False
r_0041,0.0,0.0,optimal,optimal,True
r_0042,0.0,1.0328641513657468,optimal,optimal,False
r_0043,-4.416800074260915e-20,-4.416800074260915e-20,optimal,optimal,True
r_0044,-4.4168000742609147e-20,-4.4168000742609147e-20,optimal,optimal,True
r_0045,4.9129373396669565e-05,0.0004913906992697609,optimal,optimal,False
r_0057,0.0,3.7535466221567826,optimal,optimal,False
r_0058,4.912937339661202e-05,0.000491390699268822,optimal,optimal,False
r_0059,0.0,0.0,optimal,optimal,True
r_0060,-0.6524113592367013,-0.002934191490852276,optimal,optimal,False
r_0061,0.00293419149085263,0.6524113607165674,optimal,optimal,False
r_0062,0.0,0.9303652984721863,optimal,optimal,False
r_0063,1.5378222876016475e-06,1.537812654807518e-05,optimal,optimal,False
r_0064,0.0,0.72492063395341,optimal,optimal,False
r_0065,0.0027075775146277376,1.0485061406764797,optimal,optimal,False
r_0066,5.131470200572271e-07,0.584710081488265,optimal,optimal,False
r_0067,5.131470201410625e-07,0.5847100814882716,optimal,optimal,False
r_0068,0.0,2.3258601930468976,optimal,optimal,False
r_0069,0.0,0.0,optimal,optimal,True
r_0072,0.0,0.6494771968706351,optimal,optimal,False
r_0073,0.0,0.0,optimal,optimal,True
r_0074,0.0,0.0,optimal,optimal,True
r_0075,1.5378222875987294e-06,1.508922246293759,optimal,optimal,False
r_0076,0.0,16.642801001727797,optimal,optimal,False
r_0077,0.0,16.642801001728113,optimal,optimal,False
r_0078,0.0,16.642801001727694,optimal,optimal,False
r_0079,0.0008288300465386365,0.6219524741197844,optimal,optimal,False
r_0080,0.0017853098037303933,1.0182995048256365,optimal,optimal,False
r_0081,0.0,0.5771580939370661,optimal,optimal,False
r_0082,0.0,16.64280100172808,optimal,optimal,False
r_0083,2.5659800094834992e-40,16.642801001727943,optimal,optimal,False
r_0084,0.0,0.0,optimal,optimal,True
r_0085,0.0,0.0,optimal,optimal,True
r_0086,1.5378222875999521e-06,1.5089222462937584,optimal,optimal,False
r_0087,1.537822288250389e-06,1.5089222462937615,optimal,optimal,False
r_0088,0.0,0.0,optimal,optimal,True
r_0089,0.0,8.32140050086383,optimal,optimal,False
r_0090,0.0,16.642801001727694,optimal,optimal,False
r_0091,-2.5271907267492913e-16,5.659369139324439,optimal,optimal,False
r_0092,0.0,0.0,optimal,optimal,True
r_0093,0.0,0.0,optimal,optimal,True
r_0095,0.0,0.9303653416391273,optimal,optimal,False
r_0096,0.005482076012375361,0.9358474176515028,optimal,optimal,False
r_0097,0.005482076012375503,0.9358474176515017,optimal,optimal,False
r_0099,0.0,0.0,optimal,optimal,True
r_0100,0.0,3.753546902032822,optimal,optimal,False
r_0101,0.0,0.8266607193755436,optimal,optimal,False
r_0102,0.0,3.753546902032818,optimal,optimal,False
r_0103,-1.0457985631618516,-1.4647671489389472e-16,optimal,optimal,False
r_0104,0.0017908959352118952,0.5600123609615212,optimal,optimal,False
r_0105,0.0,3.7535469040019436,optimal,optimal,False
r_0106,0.0,0.5115299125616654,optimal,optimal,False
r_0107,2.1836333282894157e-17,0.5115299125616624,optimal,optimal,False
r_0108,0.0,0.0,optimal,optimal,True
r_0109,0.009582803162155743,3.7631297071640013,optimal,optimal,False
r_0111,0.0,9.20169803566406,optimal,optimal,False
r_0112,0.0,9.99833063292991,optimal,optimal,False
r_0113,0.0,16.642801011440756,optimal,optimal,False
r_0114,0.0,0.0,optimal,optimal,True
r_0115,0.001572594869118089,2.8214564521166094,optimal,optimal,False
r_0116,0.0,0.0,optimal,optimal,True
r_0117,0.0,2.1803785338962145,optimal,optimal,False
r_0118,0.0015725948691180888,2.821456452116614,optimal,optimal,False
r_0119,0.0,4.9928403034320405,optimal,optimal,False
r_0120,0.0,0.5115299125616563,optimal,optimal,False
r_0121,0.0,0.5115299125616595,optimal,optimal,False
r_0122,0.0,0.8266607198092124,optimal,optimal,False
r_0123,0.0,3.7535469040019795,optimal,optimal,False
r_0124,0.0,3.7535469040018614,optimal,optimal,False
r_0125,0.0,3.7535469040019964,optimal,optimal,False
r_0126,0.0,9.985680606864362,optimal,optimal,False
r_0127,0.0,9.985763928761159,optimal,optimal,False
r_0128,0.0,9.98568060686415,optimal,optimal,False
r_0129,0.0,9.985680606864305,optimal,optimal,False
r_0130,0.0,9.985680606864104,optimal,optimal,False
r_0131,0.0,9.985680606864154,optimal,optimal,False
r_0132,0.0,9.985680606864111,optimal,optimal,False
r_0133,0.0,9.985680606864406,optimal,optimal,False
r_0134,0.0,9.985680606863987,optimal,optimal,False
r_0135,0.0,9.985680606864133,optimal,optimal,False
r_0137,0.0,0.0,optimal,optimal,True
r_0138,0.0,7.0962467112458345,optimal,optimal,False
r_0139,0.0,9.98636240075185,optimal,optimal,False
r_0140,0.0,7.096246711245947,optimal,optimal,False
r_0142,0.0,16.643937334587104,optimal,optimal,False
r_0143,0.0,11.164384099669583,optimal,optimal,False
r_0144,0.0011256855074560838,6.242185164614223,optimal,optimal,False
r_0145,1.537822287598974e-06,1.5089222469626948,optimal,optimal,False
r_0146,0.0,0.0,optimal,optimal,True
r_0147,0.0,9.98568060686418,optimal,optimal,False
r_0148,0.051765579121047865,16.70098605864399,optimal,optimal,False
r_0149,0.0,16.64280101144034,optimal,optimal,False
r_0150,0.0,16.642801011440312,optimal,optimal,False
r_0151,0.000828830046545823,0.6219524744822679,optimal,optimal,False
r_0152,0.0011167172947469416,11.165500816964247,optimal,optimal,False
r_0153,0.0011167172947395031,11.165500816964242,optimal,optimal,False
r_0154,0.0009651693377525481,3.902231229215909,optimal,optimal,False
r_0155,0.0,0.0,optimal,optimal,True
r_0156,0.0,2.2087718592834813,optimal,optimal,False
r_0157,0.0028145111779035595,0.02814511631802162,optimal,optimal,False
r_0158,0.0,0.5306164187436883,optimal,optimal,False
r_0159,0.0,9.985680179045398,optimal,optimal,False
r_0160,0.0,9.985680179045223,optimal,optimal,False
r_0161,0.0,9.985680179045595,optimal,optimal,False
r_0162,0.0,0.40217852012995525,optimal,optimal,False
r_0163,0.0,1000.0,optimal,optimal,False
r_0164,0.0,0.0,optimal,optimal,True
r_0165,0.0,1000.0,optimal,optimal,False
r_0166,0.0,0.6969130057677935,optimal,optimal,False
r_0167,0.0,0.6969130057672,optimal,optimal,False
r_0168,0.0,0.6785071953087708,optimal,optimal,False
r_0169,0.0,0.4897142978216369,optimal,optimal,False
r_0170,0.0,0.48971429782246767,optimal,optimal,False
r_0171,0.0,0.48495794294669503,optimal,optimal,False
r_0172,1.53782228759482e-06,1.508922246301529,optimal,optimal,False
r_0173,0.0,3.9126085130517296,optimal,optimal,False
r_0174,0.0,3.751507229619014,optimal,optimal,False
r_0175,0.0,1.6168071109938578,optimal,optimal,False
r_0176,0.0,0.0,optimal,optimal,True
r_0177,0.0,0.0,optimal,optimal,True
r_0178,0.0,0.0,optimal,optimal,True
r_0179,0.0,0.6428343513615646,optimal,optimal,False
r_0180,0.0,0.6428343513626228,optimal,optimal,False
r_0181,0.0,0.6202435610921452,optimal,optimal,False
r_0182,0.0,0.9303653416379257,optimal,optimal,False
r_0183,0.0,0.9303653416384673,optimal,optimal,False
r_0184,0.0,0.8587987768988086,optimal,optimal,False
r_0185,0.0,0.0,optimal,optimal,True
r_0186,0.0,0.3801275165269738,optimal,optimal,False
r_0187,0.0,0.38012751652717097,optimal,optimal,False
r_0188,0.0,5.1294836825434645e-06,optimal,optimal,False
r_0189,0.0,0.0,optimal,optimal,True
r_0190,0.0,0.0,optimal,optimal,True
r_0191,0.0,2.7738000497362476,optimal,optimal,False
r_0192,0.0,0.0,optimal,optimal,True
r_0193,0.0,6.2410501119037765,optimal,optimal,False
r_0194,0.0,6.241050111906389,optimal,optimal,False
r_0195,0.0011052085611214912,6.242155584212258,optimal,optimal,False
r_0198,0.0,0.0,optimal,optimal,True
r_0199,0.0,0.0,optimal,optimal,True
r_0201,0.0,11.16438409965349,optimal,optimal,False
r_0202,0.00036130578630071873,2.218668044926921,optimal,optimal,False
r_0203,0.00036130578586511205,0.3907086509649443,optimal,optimal,False
r_0204,0.0,16.64280100173674,optimal,optimal,False
r_0205,0.0,0.0,optimal,optimal,True
r_0206,0.0,2.7738001669560237,optimal,optimal,False
r_0207,0.001572594869118325,2.7753727618253747,optimal,optimal,False
r_0208,0.001572594869111775,2.7753727618252078,optimal,optimal,False
r_0209,0.001572594869118089,0.015725946043334056,optimal,optimal,False
r_0210,0.0,0.0,optimal,optimal,True
r_0211,0.0015497044823177626,6.242599820030931,optimal,optimal,False
r_0212,0.0015497044823177659,0.015497042566584986,optimal,optimal,False
r_0213,0.0,0.0,optimal,optimal,True
r_0214,0.0008682085935272262,0.500302047989269,optimal,optimal,False
r_0215,0.0028686130889166886,1.9287268378549611,optimal,optimal,False
r_0216,-11.208284830497172,1.797675398383716,optimal,optimal,False
r_0217,0.0,0.0,optimal,optimal,True
r_0218,-1.8091284010294575,1.0384181545223692,optimal,optimal,False
r_0219,0.002868613088914407,1.9287269143731065,optimal,optimal,False
r_0220,0.0019454256381805251,0.019454259521188753,optimal,optimal,False
r_0221,0.0,0.0,optimal,optimal,True
r_0222,0.0,16.642800298418344,optimal,optimal,False
r_0223,0.0,0.0,optimal,optimal,True
r_0224,0.0,0.0,optimal,optimal,True
r_0225,0.0006763753986088137,0.006763752847245281,optimal,optimal,False
r_0228,0.0,0.0,optimal,optimal,True
r_0229,0.0,0.0,optimal,optimal,True
r_0230,0.0,0.0,optimal,optimal,True
r_0231,0.00029847860896803396,0.09181024792466261,optimal,optimal,False
r_0233,0.0,0.08361098475329339,optimal,optimal,False
r_0234,0.00029847860896804344,0.08890522960995986,optimal,optimal,False
r_0235,0.0002984786089681076,0.08890522961012826,optimal,optimal,False
r_0236,0.00029847860896802534,0.08890522960993273,optimal,optimal,False
r_0237,0.0002984786089679103,0.08890522961005687,optimal,optimal,False
r_0238,0.00029847860896802675,0.08890522960996902,optimal,optimal,False
r_0239,0.00029847860896809635,0.08890522961005001,optimal,optimal,False
r_0240,0.00029847860896805374,0.08890522960999372,optimal,optimal,False
r_0242,0.0,0.08361098475325686,optimal,optimal,False
r_0243,1.1270198338029341e-17,0.08487323950691576,optimal,optimal,False
r_0244,0.00029847860896803287,0.08424191073646582,optimal,optimal,False
r_0249,0.0,0.0,optimal,optimal,True
r_0250,0.0024408034626453093,3.3310010057526216,optimal,optimal,False
r_0252,0.0,0.0,optimal,optimal,True
r_0253,0.0,4.015163317447046,optimal,optimal,False
r_0254,8.133089065066872e-16,4.015163317442931,optimal,optimal,False
r_0255,0.0,4.995190286892895,optimal,optimal,False
r_0256,0.0,1.8767734519968438,optimal,optimal,False
r_0259,0.0,0.0,optimal,optimal,True
r_0260,0.0,0.0,optimal,optimal,True
r_0261,0.0,0.0,optimal,optimal,True
r_0262,0.0,0.0,optimal,optimal,True
r_0263,0.0,9.9856806437716,optimal,optimal,False
r_0264,0.0,9.985680643780709,optimal,optimal,False
r_0265,0.0,9.985680643780075,optimal,optimal,False
r_0266,0.0,9.985680643780622,optimal,optimal,False
r_0267,0.0,0.0,optimal,optimal,True
r_0268,0.0,0.0,optimal,optimal,True
r_0269,0.0,0.0,optimal,optimal,True
r_0270,0.0,0.0,optimal,optimal,True
r_0272,0.00019109464758842375,0.0019109461541299685,optimal,optimal,False
r_0273,0.0,6.241049883236012,optimal,optimal,False
r_0274,-1.182568494089183e-15,6.241049883244998,optimal,optimal,False
r_0278,0.0023457585816108683,1.0481442415479416,optimal,optimal,False
r_0279,0.0027075775146275845,1.0485061067243127,optimal,optimal,False
r_0280,-1000.0,1000.0,optimal,optimal,False
r_0281,0.0,0.0,optimal,optimal,True
r_0282,0.0,0.0,optimal,optimal,True
r_0283,0.0,0.0,optimal,optimal,True
r_0284,0.0,0.0,optimal,optimal,True
r_0285,0.0,0.0,optimal,optimal,True
r_0286,0.0,0.0,optimal,optimal,True
r_0287,0.0,0.0,optimal,optimal,True
r_0288,0.0,0.0,optimal,optimal,True
r_0289,0.0,0.0,optimal,optimal,True
r_0290,0.0,0.0,optimal,optimal,True
r_0291,0.0,0.0,optimal,optimal,True
r_0292,0.0,0.0,optimal,optimal,True
r_0293,0.0,0.0,optimal,optimal,True
r_0294,0.0,0.0,optimal,optimal,True
r_0295,0.0,0.0,optimal,optimal,True
r_0296,0.0,0.0,optimal,optimal,True
r_0297,0.0,0.0,optimal,optimal,True
r_0298,0.0,0.0,optimal,optimal,True
r_0299,0.0,0.0,optimal,optimal,True
r_0300,0.0,2.494854983916055,optimal,optimal,False
r_0301,0.0,2.2147193019073765,optimal,optimal,False
r_0302,-1000.0,1000.0,optimal,optimal,False
r_0303,-1000.0000000000011,999.9999999999999,optimal,optimal,False
r_0304,8.093801232780862e-09,0.07214476176858545,optimal,optimal,False
r_0306,0.0,3.444012015431699,optimal,optimal,False
r_0307,0.0,4.342449932509201,optimal,optimal,False
r_0308,0.0,7.416764995767471,optimal,optimal,False
r_0309,0.0003055450414815497,7.417070001345534,optimal,optimal,False
r_0310,0.0003055450414815633,1.741156915298505,optimal,optimal,False
r_0311,0.0,1.7408514250345704,optimal,optimal,False
r_0312,0.0,0.0,optimal,optimal,True
r_0313,0.00030399912539270983,0.0030399917444947243,optimal,optimal,False
r_0314,0.0,4.342053009794197,optimal,optimal,False
r_0315,0.0,16.642800298422962,optimal,optimal,False
r_0317,0.0002984786089680328,0.09181025047230025,optimal,optimal,False
r_0318,0.0,4.342053193267897,optimal,optimal,False
r_0319,0.0,0.0,optimal,optimal,True
r_0320,0.0,0.0,optimal,optimal,True
r_0321,0.0,0.0,optimal,optimal,True
r_0322,0.0,0.0,optimal,optimal,True
r_0323,0.0,0.0,optimal,optimal,True
r_0326,-16.642788051658265,0.3604181701293145,optimal,optimal,False
r_0327,0.0,9.985680601043596,optimal,optimal,False
r_0328,0.0,0.0,optimal,optimal,True
r_0329,0.0,16.642801001738626,optimal,optimal,False
r_0330,-0.00019425120659671344,16.642780263528703,optimal,optimal,False
r_0332,0.0,0.0,optimal,optimal,True
r_0334,0.0,1.6648769341771672,optimal,optimal,False
r_0335,0.0,0.0,optimal,optimal,True
r_0340,-9.985680235183036,0.0,optimal,optimal,False
r_0341,-9.985680606927826,1.2974854365235576e-14,optimal,optimal,False
r_0342,0.0,1000.0,optimal,optimal,False
r_0343,1.9109262707653721e-13,1000.0,optimal,optimal,False
r_0344,2.965083103111362e-05,0.36302491073477344,optimal,optimal,False
r_0345,0.0,0.0,optimal,optimal,True
r_0346,5.131470201316531e-07,5.131469336581133e-06,optimal,optimal,False
r_0347,5.131470200276999e-07,5.1314709837575255e-06,optimal,optimal,False
r_0348,-6.181319232104201e-17,5.131470983752408e-06,optimal,optimal,False
r_0349,-0.5003020476961951,-0.0008682085935272167,optimal,optimal,False
r_0350,0.0,5.1314521037489376e-06,optimal,optimal,False
r_0351,0.0,5.131449255917061e-06,optimal,optimal,False
r_0352,0.005482076012375268,0.9358473744847601,optimal,optimal,False
r_0353,0.0021488258861425166,0.7270695168480018,optimal,optimal,False
r_0354,0.0,0.0,optimal,optimal,True
r_0355,0.0005969653117372984,0.18362050903854202,optimal,optimal,False
r_0356,0.0,0.0,optimal,optimal,True
r_0357,0.0,16.642801011464723,optimal,optimal,False
r_0358,0.0,16.642801011469786,optimal,optimal,False
r_0359,0.0,0.0,optimal,optimal,True
r_0360,0.0,0.0,optimal,optimal,True
r_0362,0.005682172231807581,0.05682171275081809,optimal,optimal,False
r_0363,0.0,9.985679813201921,optimal,optimal,False
r_0364,0.0,9.985708950887712,optimal,optimal,False
r_0365,0.0,0.0,optimal,optimal,True
r_0366,-6.707946074876493,1.9534851712357915,optimal,optimal,False
r_0368,0.0,0.0,optimal,optimal,True
r_0369,0.0,9.99455859377404,optimal,optimal,False
r_0370,0.0,0.0,optimal,optimal,True
r_0373,0.0,0.13955479477078428,optimal,optimal,False
r_0399,-0.2522043746143585,9.98568060103512,optimal,optimal,False
r_0400,-6.241050375658652,9.985680601055742,optimal,optimal,False
r_0402,-6.24105037565815,9.985680601054288,optimal,optimal,False
r_0410,-0.28231538341591544,9.985680601104498,optimal,optimal,False
r_0412,-6.241050375659571,9.985680601051207,optimal,optimal,False
r_0436,8.093801232780862e-09,0.07214476174208814,optimal,optimal,False
r_0437,0.0,0.0,optimal,optimal,True
r_0440,0.0,7.966811819886145e-07,optimal,optimal,False
r_0441,0.0,11.262763107986249,optimal,optimal,False
r_0442,0.0,11.164383581676644,optimal,optimal,False
r_0443,0.0,0.0,optimal,optimal,True
r_0445,0.0,2.3581501865572942,optimal,optimal,False
r_0446,-1.5940695647942422,2.1935276858223816,optimal,optimal,False
r_0447,0.0,0.0,optimal,optimal,True
r_0448,0.0,16.64280100174205,optimal,optimal,False
r_0449,0.0,16.64280100174105,optimal,optimal,False
r_0450,-1.6853639665697002,17.621009742819904,optimal,optimal,False
r_0451,-0.5771580939370339,3.7950503313960167,optimal,optimal,False
r_0452,-1.9159583095744432,11.167902241889392,optimal,optimal,False
r_0453,0.0008682085935272414,0.5003020688041303,optimal,optimal,False
r_0454,-8.093799804680004e-07,11.262763108017014,optimal,optimal,False
r_0455,0.0,7.718505092442156e-07,optimal,optimal,False
r_0457,0.0,0.0,optimal,optimal,True
r_0458,0.0,0.0,optimal,optimal,True
r_0459,0.0,1000.0,optimal,optimal,False
r_0460,8.093801253215744e-09,8.321399873470074,optimal,optimal,False
r_0462,0.0005969653117372985,0.18362050903877733,optimal,optimal,False
r_0463,0.0,9.985680606890725,optimal,optimal,False
r_0464,0.0,9.985680606888357,optimal,optimal,False
r_0466,0.0,5.659369139327904,optimal,optimal,False
r_0467,-4.672517127430459,0.9868550388414642,optimal,optimal,False
r_0468,0.0,5.582919768162341,optimal,optimal,False
r_0469,0.0,2.325860193329848,optimal,optimal,False
r_0470,0.0,11.164384099674974,optimal,optimal,False
r_0471,0.044105950783355954,11.222630631304106,optimal,optimal,False
r_0472,0.0,0.0,optimal,optimal,True
r_0473,0.0,5.582919768167415,optimal,optimal,False
r_0475,0.0,16.642801011455035,optimal,optimal,False
r_0476,0.008457598215540861,16.65125860967249,optimal,optimal,False
r_0477,0.00019109464759435962,16.642992106117877,optimal,optimal,False
r_0478,0.0011425236744013682,0.011425234820315313,optimal,optimal,False
r_0479,0.0023997093775600144,0.023997097648106928,optimal,optimal,False
r_0480,0.0,0.0,optimal,optimal,True
r_0481,0.0,4.995190081544639,optimal,optimal,False
r_0482,0.0,0.0,optimal,optimal,True
r_0483,0.0,4.995190081553486,optimal,optimal,False
r_0484,0.0,0.0,optimal,optimal,True
r_0485,8.093801253215744e-09,8.321400157296418,optimal,optimal,False
r_0486,-4.556231374217843,1.9534851712346797,optimal,optimal,False
r_0487,0.0,0.0,optimal,optimal,True
r_0488,0.0,16.642801001762447,optimal,optimal,False
r_0489,0.0,16.642801001764173,optimal,optimal,False
r_0490,0.0,11.262763107979714,optimal,optimal,False
r_0491,0.0,11.263325823538626,optimal,optimal,False
r_0492,0.0,11.263325823544973,optimal,optimal,False
r_0497,0.0,2.7738194084408003,optimal,optimal,False
r_0499,0.0008288300463353626,0.6219524744833144,optimal,optimal,False
r_0501,0.0,0.0,optimal,optimal,True
r_0502,-2.189370104209951,1.598227147590706,optimal,optimal,False
r_0503,1.5378222875951795e-06,1.5378154465946755e-05,optimal,optimal,False
r_0504,0.0,0.0,optimal,optimal,True
r_0505,0.0,2.2328768199349835,optimal,optimal,False
r_0506,0.0,0.0,optimal,optimal,True
r_0507,0.0,0.0,optimal,optimal,True
r_0508,0.0,0.0,optimal,optimal,True
r_0509,0.0,0.0,optimal,optimal,True
r_0510,0.0028885967292601672,20.03385689776084,optimal,optimal,False
r_0511,0.0,20.030967457036727,optimal,optimal,False
r_0512,0.002296607875104084,0.022966075406863826,optimal,optimal,False
r_0514,0.00038848815040346864,3.841034875408756,optimal,optimal,False
r_0518,0.0,0.0,optimal,optimal,True
r_0519,0.0,0.0,optimal,optimal,True
r_0520,0.0,0.0,optimal,optimal,True
r_0521,0.0,0.0,optimal,optimal,True
r_0522,0.0,0.0,optimal,optimal,True
r_0523,0.0,0.0,optimal,optimal,True
r_0524,5.131470200573342e-07,5.131469336573843e-06,optimal,optimal,False
r_0525,8.093801019304057e-06,8.09380105916946e-05,optimal,optimal,False
r_0526,0.0,3.840646222714388,optimal,optimal,False
r_0527,0.0,9.985680179061788,optimal,optimal,False
r_0528,0.0,16.64282833051853,optimal,optimal,False
r_0529,-16.642800298439205,16.642828330510188,optimal,optimal,False
r_0530,8.093801232780862e-09,0.07214476174227841,optimal,optimal,False
r_0531,8.093801252696261e-09,0.0721447617421474,optimal,optimal,False
r_0532,0.0,0.0,optimal,optimal,True
r_0533,0.0,0.0,optimal,optimal,True
r_0534,0.13282612537768915,13.482100751310792,optimal,optimal,False
r_0535,0.0,0.0,optimal,optimal,True
r_0536,0.0006763753986088135,0.00676375284725929,optimal,optimal,False
r_0537,0.0006763753986088199,0.006763755077575901,optimal,optimal,False
r_0538,0.000676375398608816,0.006763755077575862,optimal,optimal,False
r_0539,0.0006763753986088171,0.006763755077574089,optimal,optimal,False
r_0540,0.0,0.0,optimal,optimal,True
r_0541,0.0,0.0,optimal,optimal,True
r_0542,0.0026660952194984466,0.026660956497345185,optimal,optimal,False
r_0543,0.0,0.0,optimal,optimal,True
r_0544,0.0,6.241050111903954,optimal,optimal,False
r_0545,0.002666095219498439,0.026660947706002917,optimal,optimal,False
r_0546,0.0,1.9287267684675302,optimal,optimal,False
r_0547,0.0,1.8327309054061605,optimal,optimal,False
r_0548,0.001903443752776387,1.9277616675155957,optimal,optimal,False
r_0549,0.0009651693377523671,1.741816594377804,optimal,optimal,False
r_0550,0.0,4.9951900815563945,optimal,optimal,False
r_0551,0.0,0.0,optimal,optimal,True
r_0552,0.0,2.740305315152767,optimal,optimal,False
r_0553,0.0,1000.0,optimal,optimal,False
r_0554,0.0,0.0,optimal,optimal,True
r_0555,0.0,0.0,optimal,optimal,True
r_0556,1.1698366735934993e-23,6.241050115558347,optimal,optimal,False
r_0557,8.093801232780864e-09,0.0721447617689292,optimal,optimal,False
r_0558,0.001790895935195239,0.5600123609623358,optimal,optimal,False
r_0560,0.0017908959352117555,0.5600123350623808,optimal,optimal,False
r_0561,-1.6067898854645088e-24,6.241050379304347,optimal,optimal,False
r_0562,0.0,9.985680606875396,optimal,optimal,False
r_0563,0.0006763753986088134,0.0067637530012007825,optimal,optimal,False
r_0564,0.0006763753986088141,0.006763755077576481,optimal,optimal,False
r_0565,0.00038848815040327397,0.5906563921108667,optimal,optimal,False
r_0566,0.0003613057858549668,2.218667920168429,optimal,optimal,False
r_0567,0.0,0.39034733017224177,optimal,optimal,False
r_0568,0.0,16.69474658292561,optimal,optimal,False
r_0569,0.0,16.82006522502407,optimal,optimal,False
r_0570,0.0015052054447449014,0.6226288236339711,optimal,optimal,False
r_0571,0.0,8.321400536479034,optimal,optimal,False
r_0572,0.0,0.0,optimal,optimal,True
r_0573,0.0,0.0,optimal,optimal,True
r_0574,0.0,0.0,optimal,optimal,True
r_0575,0.0,0.0,optimal,optimal,True
r_0596,0.0,0.0,optimal,optimal,True
r_0597,0.0,0.0,optimal,optimal,True
r_0598,0.0,0.0,optimal,optimal,True
r_0599,0.0,0.0,optimal,optimal,True
r_0600,0.0,0.0,optimal,optimal,True
r_0601,0.0,0.0,optimal,optimal,True
r_0602,0.0,0.0,optimal,optimal,True
r_0603,0.0,0.0,optimal,optimal,True
r_0604,0.0,0.0,optimal,optimal,True
r_0605,0.0,0.0,optimal,optimal,True
r_0606,-2.6747841001151854e-29,0.0,optimal,optimal,True
r_0607,0.0,2.6747841001151843e-29,optimal,optimal,True
r_0608,0.0,3.923918394773411e-29,optimal,optimal,True
r_0609,0.0,0.0,optimal,optimal,True
r_0610,0.0,-1.2440253518919215e-29,optimal,optimal,True
r_0611,0.0,0.0,optimal,optimal,True
r_0612,0.0,0.0,optimal,optimal,True
r_0613,0.0,0.0,optimal,optimal,True
r_0614,0.0,1.8850084431173466e-30,optimal,optimal,True
r_0615,0.0,0.0,optimal,optimal,True
r_0616,0.0,0.0,optimal,optimal,True
r_0617,0.0,0.0,optimal,optimal,True
r_0618,0.0,0.0,optimal,optimal,True
r_0619,0.0,0.0,optimal,optimal,True
r_0620,0.0,0.0,optimal,optimal,True
r_0621,0.0,0.0,optimal,optimal,True
r_0622,0.0,0.0,optimal,optimal,True
r_0623,0.0,0.0,optimal,optimal,True
r_0624,0.0,0.0,optimal,optimal,True
r_0625,0.0,0.0,optimal,optimal,True
r_0626,0.0,0.0,optimal,optimal,True
r_0627,0.0,0.0,optimal,optimal,True
r_0628,0.0,0.0,optimal,optimal,True
r_0629,0.0,0.0,optimal,optimal,True
r_0630,0.0,0.0,optimal,optimal,True
r_0631,0.0,0.0,optimal,optimal,True
r_0632,0.0,0.0,optimal,optimal,True
r_0633,0.0,0.0,optimal,optimal,True
r_0634,0.0,0.0,optimal,optimal,True
r_0635,0.0,0.0,optimal,optimal,True
r_0636,0.0,0.0,optimal,optimal,True
r_0637,0.0,0.0,optimal,optimal,True
r_0638,0.0,0.0,optimal,optimal,True
r_0639,0.0,0.0,optimal,optimal,True
r_0640,0.0,0.0,optimal,optimal,True
r_0641,0.0,0.0,optimal,optimal,True
r_0642,0.0,0.0,optimal,optimal,True
r_0643,0.0,0.0,optimal,optimal,True
r_0644,0.0,0.0,optimal,optimal,True
r_0645,0.0,0.0,optimal,optimal,True
r_0646,0.0,6.241076353098232,optimal,optimal,False
r_0647,0.0,6.241076353104682,optimal,optimal,False
r_0648,0.0,6.241076353112755,optimal,optimal,False
r_0649,0.0,6.2410763531309685,optimal,optimal,False
r_0650,0.0,6.241076353116015,optimal,optimal,False
r_0651,0.0,6.241076353108624,optimal,optimal,False
r_0652,0.0,6.241076353120067,optimal,optimal,False
r_0653,0.0,6.241076353171705,optimal,optimal,False
r_0654,0.0,6.241076353115311,optimal,optimal,False
r_0655,0.0,6.241076353113748,optimal,optimal,False
r_0656,0.0,9.985680606884616,optimal,optimal,False
r_0657,0.0,9.985680606873064,optimal,optimal,False
r_0658,0.0,11.164384099686309,optimal,optimal,False
r_0659,-11.155147218669429,2.4091240018024016,optimal,optimal,False
r_0661,0.0,1.0384181545248994,optimal,optimal,False
r_0662,0.0,2.232876819935692,optimal,optimal,False
r_0663,-0.021488255732518537,3.756725915946004,optimal,optimal,False
r_0664,-3.758874741828455,0.0,optimal,optimal,False
r_0665,0.0021488258861425166,0.02148826232908286,optimal,optimal,False
r_0666,0.0,0.0,optimal,optimal,True
r_0667,0.0005969653117372981,0.18362050903844646,optimal,optimal,False
r_0668,0.0,0.0,optimal,optimal,True
r_0669,0.0021488258861425166,0.7270694840747063,optimal,optimal,False
r_0670,0.0,2.2183066133155394,optimal,optimal,False
r_0671,4.912937345777862e-05,0.000491390699269559,optimal,optimal,False
r_0672,-1000.0000000000001,0.0,optimal,optimal,False
r_0673,0.0,1000.0,optimal,optimal,False
r_0674,-24.96420151719862,2.0381062729747067e-13,optimal,optimal,False
r_0675,0.0,0.0,optimal,optimal,True
r_0676,0.0,0.0,optimal,optimal,True
r_0678,0.002666095219498438,0.02666095649734752,optimal,optimal,False
r_0679,0.0,6.241050111912364,optimal,optimal,False
r_0680,0.0,0.0,optimal,optimal,True
r_0681,0.0,0.0,optimal,optimal,True
r_0682,0.0,0.0,optimal,optimal,True
r_0683,0.0,0.0,optimal,optimal,True
r_0687,0.0,11.164383581670426,optimal,optimal,False
r_0688,0.0,4.800365130291467,optimal,optimal,False
r_0689,0.0,7.416764966147787,optimal,optimal,False
r_0690,0.0,0.0,optimal,optimal,True
r_0691,0.0,0.0,optimal,optimal,True
r_0692,0.0,1.8362406078745952,optimal,optimal,False
r_0693,0.0,1.8362406078768885,optimal,optimal,False
r_0694,4.9129373253364316e-05,2.218355868516058,optimal,optimal,False
r_0695,0.0,0.3831222365671186,optimal,optimal,False
r_0696,0.0,4.800365130296107,optimal,optimal,False
r_0697,0.0,1000.0,optimal,optimal,False
r_0698,0.00029847860896803287,0.09181025471826791,optimal,optimal,False
r_0699,-0.029341919643522542,-0.002934191490852619,optimal,optimal,False
r_0700,0.0,0.0,optimal,optimal,True
r_0701,0.002934191490852629,0.029341919643502006,optimal,optimal,False
r_0702,0.0,0.0,optimal,optimal,True
r_0703,0.0,0.0,optimal,optimal,True
r_0704,0.0,0.0,optimal,optimal,True
r_0705,0.0,0.0,optimal,optimal,True
r_0706,0.0,0.0,optimal,optimal,True
r_0707,0.0,0.0,optimal,optimal,True
r_0708,0.0,0.0,optimal,optimal,True
r_0711,0.002666095219498434,0.0266609564973442,optimal,optimal,False
r_0712,0.0,0.0,optimal,optimal,True
r_0713,-34.80629421862797,1000.0,optimal,optimal,False
r_0714,-1000.0,11.177185059641488,optimal,optimal,False
r_0715,-3.7535469020340204,-7.069476343826342e-13,optimal,optimal,False
r_0716,0.0,2.272130233592837,optimal,optimal,False
r_0717,0.0,1.8091284920299857,optimal,optimal,False
r_0718,0.0,25.92019657498555,optimal,optimal,False
r_0719,0.0,2.8290873540141486,optimal,optimal,False
r_0721,0.0,0.0,optimal,optimal,True
r_0722,0.005682172231807583,0.056821714044069896,optimal,optimal,False
r_0723,-0.7910162478618775,-0.005682172231134928,optimal,optimal,False
r_0724,0.0,0.0,optimal,optimal,True
r_0725,-2.1911934260074903,1.596403600284724,optimal,optimal,False
r_0726,0.0011272233297469963,6.242186702425458,optimal,optimal,False
r_0727,0.0017853098037303936,1.0182995054183757,optimal,optimal,False
r_0728,0.0,0.0,optimal,optimal,True
r_0729,0.000659624296270985,0.006596244027166919,optimal,optimal,False
r_0730,0.0,0.0,optimal,optimal,True
r_0731,0.0,11.164384099689068,optimal,optimal,False
r_0732,0.0,11.194391612744738,optimal,optimal,False
r_0733,0.0,0.0,optimal,optimal,True
r_0734,0.0,2.180378533084845,optimal,optimal,False
r_0735,0.0,0.5600123609616149,optimal,optimal,False
r_0736,0.0,0.5600123609617219,optimal,optimal,False
r_0737,0.0,0.5600123609623798,optimal,optimal,False
r_0738,0.0,0.5600123609626092,optimal,optimal,False
r_0739,0.001790895935295813,0.5600123609624698,optimal,optimal,False
r_0747,0.0,0.0,optimal,optimal,True
r_0748,0.0,0.0,optimal,optimal,True
r_0749,0.0,0.0,optimal,optimal,True
r_0750,0.0,0.0,optimal,optimal,True
r_0751,0.0,0.0,optimal,optimal,True
r_0752,0.0,0.0,optimal,optimal,True
r_0753,0.0,0.0,optimal,optimal,True
r_0754,0.0,0.0,optimal,optimal,True
r_0755,0.0,0.0,optimal,optimal,True
r_0756,0.0,0.0,optimal,optimal,True
r_0757,6.464989127542653e-05,6.241144026288201,optimal,optimal,False
r_0758,6.464989127737068e-05,0.4492189920684707,optimal,optimal,False
r_0759,0.0015725948691180886,2.821456452117639,optimal,optimal,False
r_0760,0.00019109464758842372,0.0019109461976261877,optimal,optimal,False
r_0761,0.0,0.6202435150493975,optimal,optimal,False
r_0762,4.912937367077659e-05,2.2183557437501964,optimal,optimal,False
r_0763,0.0,0.19156110985474237,optimal,optimal,False
r_0764,0.0,0.0,optimal,optimal,True
r_0765,0.0,0.000264666084629293,optimal,optimal,False
r_0766,0.0,0.0,optimal,optimal,True
r_0767,0.0,0.0,optimal,optimal,True
r_0768,4.912937353863549e-05,0.0004913907769879281,optimal,optimal,False
r_0769,0.0,0.0,optimal,optimal,True
r_0771,0.0,0.00026466726003686027,optimal,optimal,False
r_0772,0.0,0.0,optimal,optimal,True
r_0773,0.0,11.262762826313375,optimal,optimal,False
r_0774,0.0,7.677583821948158e-08,optimal,optimal,True
r_0775,0.0,0.0,optimal,optimal,True
r_0781,0.0,7.677583821923819e-08,optimal,optimal,True
r_0782,0.0,0.0,optimal,optimal,True
r_0783,0.0,7.67758409102312e-08,optimal,optimal,True
r_0784,0.0,7.677584091021979e-08,optimal,optimal,True
r_0785,4.9129373525971055e-05,0.0004913907770181375,optimal,optimal,False
r_0786,4.912937372697561e-05,0.0004913906994420185,optimal,optimal,False
r_0787,0.0,0.0,optimal,optimal,True
r_0788,0.0,16.64280030812866,optimal,optimal,False
r_0789,0.0,16.642800308127686,optimal,optimal,False
r_0790,0.0,16.642800308111443,optimal,optimal,False
r_0791,0.0,16.642800308111276,optimal,optimal,False
r_0792,0.0,16.64280030809845,optimal,optimal,False
r_0793,0.0,7.095797874782884,optimal,optimal,False
r_0795,0.0,16.644703087150923,optimal,optimal,False
r_0796,0.0,16.6428283402088,optimal,optimal,False
r_0797,0.0,9.985680184875699,optimal,optimal,False
r_0798,0.0,16.642800308124247,optimal,optimal,False
r_0799,0.0,9.985680184865931,optimal,optimal,False
r_0800,0.006807496475568438,16.65139870053459,optimal,optimal,False
r_0801,0.0,16.642800308124936,optimal,optimal,False
r_0802,0.0,0.0,optimal,optimal,True
r_0803,0.0,9.98568018487497,optimal,optimal,False
r_0804,0.0,16.642800308122595,optimal,optimal,False
r_0805,0.0,16.642800308122336,optimal,optimal,False
r_0806,0.0,16.64280030812209,optimal,optimal,False
r_0807,0.0,16.64280030812386,optimal,optimal,False
r_0810,0.0,16.64280030811459,optimal,optimal,False
r_0811,0.012565029440605887,20.045323392116398,optimal,optimal,False
r_0812,0.0,0.0,optimal,optimal,True
r_0813,0.00096516933775655,1.7418165951275018,optimal,optimal,False
r_0815,0.0,1.7408514257931271,optimal,optimal,False
r_0816,0.0015725948691180888,2.775372646224262,optimal,optimal,False
r_0817,0.0,0.8352303677661697,optimal,optimal,False
r_0818,0.0015725948691181345,2.8214563549897593,optimal,optimal,False
r_0819,0.0,2.8198837601224795,optimal,optimal,False
r_0820,-0.5003020479895007,-0.0008682085934760725,optimal,optimal,False
r_0821,0.0008682085934745916,0.5003020690955035,optimal,optimal,False
r_0831,1.9351318336741603e-16,2.23287681993341,optimal,optimal,False
r_0832,0.0,2.2328768199309064,optimal,optimal,False
r_0841,-1.5047012839980335e-16,4.992841841253483,optimal,optimal,False
r_0842,1.5378222875996106e-06,1.5378220636703207e-05,optimal,optimal,False
r_0843,1.537822287602974e-06,1.5378150835087626e-05,optimal,optimal,False
r_0844,0.0,9.985680179051952,optimal,optimal,False
r_0845,0.0,9.98568017904503,optimal,optimal,False
r_0847,0.0,9.985680179037601,optimal,optimal,False
r_0848,0.0,9.98568017904522,optimal,optimal,False
r_0849,0.0,9.985680179036672,optimal,optimal,False
r_0850,0.0,9.985680179035153,optimal,optimal,False
r_0851,-1000.0,1000.0,optimal,optimal,False
r_0852,0.0013500133341079628,0.01350013551962008,optimal,optimal,False
r_0853,0.0,0.0,optimal,optimal,True
r_0854,0.0,0.5086618816975518,optimal,optimal,False
r_0855,0.0008288300468912805,0.6219524741195641,optimal,optimal,False
r_0882,0.00019109464758842372,0.0019109461541292757,optimal,optimal,False
r_0883,0.0009651790503146996,3.9022312292129255,optimal,optimal,False
r_0884,0.0,16.642801011417735,optimal,optimal,False
r_0885,0.0,-6.569138816958279e-36,optimal,optimal,True
r_0886,0.0,17.621009752487595,optimal,optimal,False
r_0888,0.011975102705941201,9.997655709574941,optimal,optimal,False
r_0889,0.0,5.659369139322603,optimal,optimal,False
r_0890,0.0,0.0,optimal,optimal,True
r_0891,0.0,7.423890900368709,optimal,optimal,False
r_0892,-4.556231663306032,1.9534851712359007,optimal,optimal,False
r_0893,-6.707946648964161,1.9534851712355585,optimal,optimal,False
r_0902,-0.056821731487552485,-0.005682172231807533,optimal,optimal,False
r_0903,0.0,6.241050115560242,optimal,optimal,False
r_0904,0.0017908959352118952,0.5600123350620124,optimal,optimal,False
r_0905,1.5378222875938016e-06,1.5378223119585867e-05,optimal,optimal,False
r_0906,1.5378222878108005e-06,1.537822295173058e-05,optimal,optimal,False
r_0907,-16.642801836250023,9.986360862929855,optimal,optimal,False
r_0908,0.0008288300466851455,0.621952474482969,optimal,optimal,False
r_0909,0.0006763753986088136,0.006763752847247296,optimal,optimal,False
r_0910,0.0006763753986088072,0.006763752847244378,optimal,optimal,False
r_0911,0.0008288300466835123,0.6219524482345392,optimal,optimal,False
r_0912,0.0015052054452939182,0.6226288498816298,optimal,optimal,False
r_0913,0.00036130578613694804,2.2186680459964414,optimal,optimal,False
r_0914,0.0008288300466793342,0.6219524744829324,optimal,optimal,False
r_0915,0.0008288300466824069,0.62195247448311,optimal,optimal,False
r_0916,0.002783849198444479,9.989251543546475,optimal,optimal,False
r_0917,0.0,7.423890900374513,optimal,optimal,False
r_0918,0.0,7.423890900372473,optimal,optimal,False
r_0919,0.0,1000.0,optimal,optimal,False
r_0920,0.0,1000.0,optimal,optimal,False
r_0921,0.0,0.0,optimal,optimal,True
r_0922,0.0,0.0,optimal,optimal,True
r_0929,0.0,0.0,optimal,optimal,True
r_0935,3.2375204931123456e-08,0.28857904707495247,optimal,optimal,False
r_0936,0.0,0.0,optimal,optimal,True
r_0937,1.537822287595884e-06,1.5089222469643786,optimal,optimal,False
r_0938,0.0013500133341405739,0.5100119174825011,optimal,optimal,False
r_0939,0.000995745247502905,1.0467943087155334,optimal,optimal,False
r_0940,0.0,5.595952970466723,optimal,optimal,False
r_0941,0.0014554366443813415,0.014554368792475517,optimal,optimal,False
r_0942,4.046900616390426e-09,0.03607238088435453,optimal,optimal,False
r_0943,-4.398768654740361e-08,5.920439401501664e-24,optimal,optimal,True
r_0949,0.0,9.98568064376732,optimal,optimal,False
r_0950,0.0,0.0,optimal,optimal,True
r_0951,-7.096246711244223,9.985680606858898,optimal,optimal,False
r_0953,0.0,0.0,optimal,optimal,True
r_0954,0.0,0.0,optimal,optimal,True
r_0955,0.0,0.0,optimal,optimal,True
r_0956,0.0,9.990379035942265,optimal,optimal,False
r_0957,0.0014554366443813413,5.597408251709784,optimal,optimal,False
r_0958,0.0,25.938508688542363,optimal,optimal,False
r_0959,0.0,3.7833487175315623,optimal,optimal,False
r_0960,0.0,0.930365341639849,optimal,optimal,False
r_0961,0.0,3.78334871756511,optimal,optimal,False
r_0962,0.0,18.58373804048457,optimal,optimal,False
r_0963,0.0,0.0,optimal,optimal,True
r_0965,0.0,16.64280100172342,optimal,optimal,False
r_0966,1.716649881037565e-21,8.093797277467425e-07,optimal,optimal,False
r_0967,1.6187602038608242e-05,0.00016187604650828153,optimal,optimal,False
r_0968,8.09380101930409e-06,8.093802325414033e-05,optimal,optimal,False
r_0969,0.0,16.642800298361163,optimal,optimal,False
r_0970,0.0,0.000291376623471585,optimal,optimal,False
r_0971,0.0,0.3552675244896651,optimal,optimal,False
r_0972,0.0,0.00019424917050631614,optimal,optimal,False
r_0973,0.0,0.36301566032866006,optimal,optimal,False
r_0974,0.0,0.00029137679768170447,optimal,optimal,False
r_0975,0.0,0.0,optimal,optimal,True
r_0976,0.0,0.36043756773336966,optimal,optimal,False
r_0977,0.0,0.0,optimal,optimal,True
r_0978,0.0,0.00019425118232804136,optimal,optimal,False
r_0979,0.0,0.0,optimal,optimal,True
r_0982,0.0027540676010683555,2.666326375509362,optimal,optimal,False
r_0983,0.0,5.648093300995447e-08,optimal,optimal,True
r_0984,-1.481641318507333,3.748830648983306,optimal,optimal,False
r_0985,-5.548308569314284e-20,-5.548308569314284e-20,optimal,optimal,True
r_0986,0.0,0.08487324186154183,optimal,optimal,False
r_0987,0.0,0.0,optimal,optimal,True
r_0988,0.002666095219498439,0.02666095649729671,optimal,optimal,False
r_0989,0.002666095219498428,0.026660956497308874,optimal,optimal,False
r_0990,-16.642800298363337,-3.4731993193842265e-15,optimal,optimal,False
r_0992,0.0,2.7597769208082434,optimal,optimal,False
r_0993,0.0,0.0,optimal,optimal,True
r_0995,0.0022478562867271953,0.022478566494674376,optimal,optimal,False
r_0996,0.0027075775146438294,1.0485060944301485,optimal,optimal,False
r_0997,0.002707577514676596,1.0485061406762943,optimal,optimal,False
r_0998,0.0,0.0,optimal,optimal,True
r_0999,0.0,0.0,optimal,optimal,True
r_1000,0.0,11.262763561220915,optimal,optimal,False
r_1001,0.0,0.41699559907636213,optimal,optimal,False
r_1002,1.5378222876002744e-06,1.5089222462917113,optimal,optimal,False
r_1003,0.0,0.0,optimal,optimal,True
r_1004,0.0,16.642801001722063,optimal,optimal,False
r_1005,0.0,16.642801001723665,optimal,optimal,False
r_1006,0.0,16.642801001723427,optimal,optimal,False
r_1007,0.0,16.642801001723665,optimal,optimal,False
r_1010,0.0,0.0,optimal,optimal,True
r_1011,0.0002984786089680329,0.09181025471824972,optimal,optimal,False
r_1012,0.00029847860896803244,0.09181025471824987,optimal,optimal,False
r_1021,-0.5768145785699667,11.26363176981444,optimal,optimal,False
r_1022,0.0,18.403396063260242,optimal,optimal,False
r_1023,0.0,2.325860193046708,optimal,optimal,False
r_1024,0.0,0.0,optimal,optimal,True
r_1025,0.000965169337756769,20.03193347032179,optimal,optimal,False
r_1026,0.0,20.030967466730115,optimal,optimal,False
r_1027,0.000965169337756557,1.8282477610430912,optimal,optimal,False
r_1029,0.0,0.0,optimal,optimal,True
r_1030,0.0,16.642800308140583,optimal,optimal,False
r_1031,0.0,0.0,optimal,optimal,True
r_1032,0.0,0.0,optimal,optimal,True
r_1033,0.0,0.0,optimal,optimal,True
r_1034,0.0,1.5255332872773253e-08,optimal,optimal,True
r_1035,0.0,0.0,optimal,optimal,True
r_1036,-1.821199748713473e-24,6.2410501155430875,optimal,optimal,False
r_1037,0.0,0.0,optimal,optimal,True
r_1038,0.0010622949536393872,4.996252379203686,optimal,optimal,False
r_1039,0.0,0.0,optimal,optimal,True
r_1040,0.0,1.8899405395538755,optimal,optimal,False
r_1041,0.0019034437528551826,1.9277616685185948,optimal,optimal,False
r_1042,0.00190344375116414,0.019034440583265175,optimal,optimal,False
r_1043,0.0,0.0,optimal,optimal,True
r_1045,2.9137684011057683e-05,0.36302438203637144,optimal,optimal,False
r_1046,0.0,0.0,optimal,optimal,True
r_1047,-4.4168000742609147e-20,-4.4168000742609147e-20,optimal,optimal,True
r_1048,-0.7394668701392337,18.516726066055604,optimal,optimal,False
r_1049,-0.7394668701389807,1.875769113249371,optimal,optimal,False
r_1050,-0.7520201825356382,1.8730616004850198,optimal,optimal,False
r_1051,0.0011052085611266101,6.242155584206575,optimal,optimal,False
r_1054,-5.531711176000918,0.9776512456248159,optimal,optimal,False
r_1055,0.0003613057861378507,2.218668044925528,optimal,optimal,False
r_1056,0.0,0.3903473451787741,optimal,optimal,False
r_1057,0.00031217641260016785,0.0031217646297666875,optimal,optimal,False
r_1058,0.0,0.0,optimal,optimal,True
r_1063,-999.9990042547523,1000.0,optimal,optimal,False
r_1065,0.0,0.0,optimal,optimal,True
r_1066,0.000995745247502914,0.009957450798443046,optimal,optimal,False
r_1067,0.0,0.0,optimal,optimal,True
r_1068,0.0,0.0,optimal,optimal,True
r_1069,0.00019109464758842472,0.0019109461541286534,optimal,optimal,False
r_1070,-2.361367382818096e-13,0.0,optimal,optimal,True
r_1071,-1000.0,-1.1368683772161603e-13,optimal,optimal,False
r_1072,0.0,16.643198520725914,optimal,optimal,False
r_1073,0.0,16.643198520709674,optimal,optimal,False
r_1074,0.0,9.985679813171258,optimal,optimal,False
r_1075,0.0,2.773799948103012,optimal,optimal,False
r_1076,0.0,0.0,optimal,optimal,True
r_1077,0.0,16.642799688621714,optimal,optimal,False
r_1078,0.0,16.642799688621555,optimal,optimal,False
r_1079,0.0,9.985679813172919,optimal,optimal,False
r_1080,0.0,9.985679813170831,optimal,optimal,False
r_1081,8.093801232780862e-09,0.0721447590599256,optimal,optimal,False
r_1082,0.0,0.0,optimal,optimal,True
r_1083,8.093801250671563e-09,0.07214476174209208,optimal,optimal,False
r_1084,-999.9880248972938,20.042943403696256,optimal,optimal,False
r_1087,0.0,0.9332995331295615,optimal,optimal,False
r_1088,-0.9358458798283816,-0.002546346699235592,optimal,optimal,False
r_1089,0.002546346699235138,0.02546347110138689,optimal,optimal,False
r_1090,0.0,0.0,optimal,optimal,True
r_1091,0.0,3.8406462249498152,optimal,optimal,False
r_1092,0.0,0.0,optimal,optimal,True
r_1093,0.0,0.0,optimal,optimal,True
r_1094,0.0,0.0,optimal,optimal,True
r_1095,0.0,0.0,optimal,optimal,True
r_1603,0.0,8.527093936058306e-08,optimal,optimal,True
r_1614,0.0,0.0,optimal,optimal,True
r_1615,0.0,16.642800308110004,optimal,optimal,False
r_1616,0.0,0.0,optimal,optimal,True
r_1617,0.0,16.64280030808195,optimal,optimal,False
r_1619,0.0,16.64280030807931,optimal,optimal,False
r_1623,0.0,16.642800308100803,optimal,optimal,False
r_1624,0.0,0.0,optimal,optimal,True
r_1667,-999.9879764030875,1000.0,optimal,optimal,False
r_1703,0.0,16.64294526972426,optimal,optimal,False
r_1704,-0.3604375954624456,9.985660753904773,optimal,optimal,False
r_1729,-0.00029137688713004616,9.985651041347767,optimal,optimal,False
r_1736,0.0,4.992841627331874,optimal,optimal,False
r_1739,0.0,0.0,optimal,optimal,True
r_1790,0.0,8.093798226407425e-07,optimal,optimal,False
r_1838,0.0026660952194984345,0.026660956497310918,optimal,optimal,False
r_2025,0.0,0.0,optimal,optimal,True
r_2026,0.0,16.642800298372357,optimal,optimal,False
r_2029,0.0,0.0,optimal,optimal,True
r_2064,0.0,6.241050111888316,optimal,optimal,False
r_2112,0.0,0.0,optimal,optimal,True
r_2115,0.0,1000.0,optimal,optimal,False
r_2116,0.0,2.902902973356718,optimal,optimal,False
r_2117,-1000.0,1000.0,optimal,optimal,False
r_2118,0.0,0.39034734537827553,optimal,optimal,False
r_2119,-999.9990042547525,1000.0,optimal,optimal,False
r_2126,0.0,16.642801011354674,optimal,optimal,False
r_2131,0.0,2.263269883209307,optimal,optimal,False
r_2140,0.0,0.5128540331801136,optimal,optimal,False
r_2141,0.0,0.4513827887698576,optimal,optimal,False
r_2142,0.0,0.0,optimal,optimal,True
r_2143,0.0,0.0,optimal,optimal,True
r_2144,0.0,0.0,optimal,optimal,True
r_2145,0.0,0.0,optimal,optimal,True
r_2146,0.0,0.0,optimal,optimal,True
r_2147,0.0,0.0,optimal,optimal,True
r_2148,0.0,0.0,optimal,optimal,True
r_2149,0.0,0.0,optimal,optimal,True
r_2150,0.0,0.0,optimal,optimal,True
r_2151,0.0,0.0,optimal,optimal,True
r_2152,0.0,0.0,optimal,optimal,True
r_2153,0.0,0.0,optimal,optimal,True
r_2154,0.0,3.7535469233540857,optimal,optimal,False
r_2155,0.0,3.7535469233542607,optimal,optimal,False
r_2156,0.0,3.753860882177575,optimal,optimal,False
r_2157,0.0,2.43639737572629,optimal,optimal,False
r_2158,0.0,1.4774174668921474,optimal,optimal,False
r_2159,0.0,1.0601402276076393,optimal,optimal,False
r_2160,0.0,0.8266607198072756,optimal,optimal,False
r_2161,0.0,3.7535469039929614,optimal,optimal,False
r_2162,0.0,3.753546903992087,optimal,optimal,False
r_2163,0.0,3.753860862816231,optimal,optimal,False
r_2164,0.0,2.436397363158434,optimal,optimal,False
r_2165,0.0,1.4774174668921216,optimal,optimal,False
r_2166,0.0,1.0601402276076766,optimal,optimal,False
r_2167,0.0,0.8266607198068197,optimal,optimal,False
r_2168,0.0,3.7535469039924574,optimal,optimal,False
r_2169,4.17512752022161e-31,3.753546903990907,optimal,optimal,False
r_2170,4.9767663599813e-20,3.7538608628152352,optimal,optimal,False
r_2171,0.0,2.4363973631561477,optimal,optimal,False
r_2172,0.0,1.4774174668923208,optimal,optimal,False
r_2173,0.0,1.0601402276074674,optimal,optimal,False
r_2174,0.0,0.8266607198070276,optimal,optimal,False
r_2175,0.0,3.753546903991599,optimal,optimal,False
r_2176,0.0,3.75354690399319,optimal,optimal,False
r_2177,0.0,3.7538608628167682,optimal,optimal,False
r_2178,0.0,2.436397363157469,optimal,optimal,False
r_2179,0.0,1.4774174668926063,optimal,optimal,False
r_2180,0.0,1.0601402276074363,optimal,optimal,False
r_2181,0.0,0.8266607198070762,optimal,optimal,False
r_2182,0.0007549441110734312,0.4949977819292528,optimal,optimal,False
r_2183,0.0002494799824482103,1.0386676345026593,optimal,optimal,False
r_2194,-1000.0000000000007,1000.0,optimal,optimal,False
r_2195,-1000.0,1000.0,optimal,optimal,False
r_2196,-1000.0,1000.0,optimal,optimal,False
r_2197,-1000.0,1000.0,optimal,optimal,False
r_2198,-1000.0,1000.0,optimal,optimal,False
r_2199,-1000.0,1000.0,optimal,optimal,False
r_2200,-1000.0,1000.0,optimal,optimal,False
r_2201,-1000.0,1000.0,optimal,optimal,False
r_2202,-1000.0,1000.0,optimal,optimal,False
r_2203,-1000.0,1000.0,optimal,optimal,False
r_2204,-1000.0,1000.0,optimal,optimal,False
r_2205,-1000.0,1000.0,optimal,optimal,False
r_2206,-6.241050379280823,9.985680606877146,optimal,optimal,False
r_2207,-6.241050379277622,9.98568060680292,optimal,optimal,False
r_2208,-6.241050379289195,9.985680606881912,optimal,optimal,False
r_2209,0.0,0.0,optimal,optimal,True
r_2210,0.0,0.0,optimal,optimal,True
r_2211,-1000.0000000000007,999.9999999999998,optimal,optimal,False
r_2212,-999.9999999999999,999.9999999999999,optimal,optimal,False
r_2213,0.0,0.0,optimal,optimal,True
r_2214,-1000.0,1000.0,optimal,optimal,False
r_2215,-1000.0,1000.0,optimal,optimal,False
r_2216,0.0,0.0,optimal,optimal,True
r_2217,-1000.0,1000.0,optimal,optimal,False
r_2218,-1000.0,1000.0,optimal,optimal,False
r_2232,0.0,0.3588919355773858,optimal,optimal,False
r_2233,0.0,0.31159884597583365,optimal,optimal,False
r_2234,0.0,9.985680606861836,optimal,optimal,False
r_2235,0.0,9.985680606860948,optimal,optimal,False
r_2236,0.0,0.5115299125581594,optimal,optimal,False
r_2237,-2.0339817165003333e-16,0.5115298907743351,optimal,optimal,False
r_2238,0.0,0.5115298907757356,optimal,optimal,False
r_2239,0.0,2.436397259406628,optimal,optimal,False
r_2240,0.0,1.477417403972567,optimal,optimal,False
r_2241,0.0,1.0601401824598262,optimal,optimal,False
r_2242,0.0,0.4942428167652436,optimal,optimal,False
r_2243,1.4481273419254498e-16,0.4942428375572253,optimal,optimal,False
r_2244,2.8668138518395295e-16,0.49424283755828724,optimal,optimal,False
r_2245,0.0,1.0384181539737118,optimal,optimal,False
r_2246,-3.151237079453557e-16,1.0384181539821609,optimal,optimal,False
r_2247,-1.60889420676023e-15,1.038418158427149,optimal,optimal,False
r_2248,0.0,0.5115299144854271,optimal,optimal,False
r_2249,0.0,0.5115299125631139,optimal,optimal,False
r_2250,1.1280620405128006e-13,3.753546903987896,optimal,optimal,False
r_2251,-2.2692770828869634e-19,3.753546903981579,optimal,optimal,False
r_2252,0.0,3.753546903995329,optimal,optimal,False
r_2253,0.0,0.8266607198209766,optimal,optimal,False
r_2254,0.0,0.5115299125628237,optimal,optimal,False
r_2255,-4.693803961154614e-17,0.5115299125581977,optimal,optimal,False
r_2256,0.0,0.5115299125595095,optimal,optimal,False
r_2257,0.0,2.4363973631559754,optimal,optimal,False
r_2258,0.0,1.4774174668342304,optimal,optimal,False
r_2259,0.0,1.0601402276070915,optimal,optimal,False
r_2260,0.0,0.4942428378195671,optimal,optimal,False
r_2261,-1.078346282326499e-17,0.4942428378180842,optimal,optimal,False
r_2262,-1.5436689971443615e-16,0.49424283781841305,optimal,optimal,False
r_2263,0.0,1.038418154524493,optimal,optimal,False
r_2264,1.4872915980403613e-15,1.038418154521429,optimal,optimal,False
r_2265,0.0,0.436736229066246,optimal,optimal,False
r_2266,1.7168876357986164e-13,0.5115299125622508,optimal,optimal,False
r_2267,2.230495085223628e-16,0.51152991256247,optimal,optimal,False
r_2268,-4.442918462792386e-16,3.753546904019687,optimal,optimal,False
r_2269,0.0,3.753546903997549,optimal,optimal,False
r_2270,0.0,0.8266607198123215,optimal,optimal,False
r_2271,0.0,0.5115299125649407,optimal,optimal,False
r_2272,-4.483655814584722e-13,0.5115299125626721,optimal,optimal,False
r_2273,6.946077285669665e-13,0.511529895674413,optimal,optimal,False
r_2274,0.0,2.436397361893015,optimal,optimal,False
r_2275,0.0,1.4774174661221668,optimal,optimal,False
r_2276,0.0,1.0601402270483626,optimal,optimal,False
r_2277,0.0,0.49424283756309745,optimal,optimal,False
r_2278,-3.624492129678192e-16,0.49424283756095305,optimal,optimal,False
r_2279,-6.416926846794459e-16,0.4942428375645961,optimal,optimal,False
r_2280,0.0,1.0384181539686659,optimal,optimal,False
r_2281,1.2894731457651413e-15,1.0384181539713857,optimal,optimal,False
r_2282,0.0,0.43673622883822283,optimal,optimal,False
r_2283,0.0,0.5115299122925954,optimal,optimal,False
r_2284,0.0,0.5115298956686033,optimal,optimal,False
r_2285,-3.923339990211339e-17,0.5115299122932896,optimal,optimal,False
r_2286,0.0,2.436397361860089,optimal,optimal,False
r_2287,0.0,1.4774174661304318,optimal,optimal,False
r_2288,0.0,1.0601402270550406,optimal,optimal,False
r_2289,0.0,0.49424283755853754,optimal,optimal,False
r_2290,-1.1647320361096097e-15,0.4942428375567084,optimal,optimal,False
r_2291,-9.01527566878919e-17,0.4942428375551555,optimal,optimal,False
r_2292,0.0,1.0384181539696122,optimal,optimal,False
r_2293,0.0,1.038418153978943,optimal,optimal,False
r_2294,0.0,0.43673622884114194,optimal,optimal,False
r_2295,0.0,0.49424283756076787,optimal,optimal,False
r_2296,0.0,0.4719922082930688,optimal,optimal,False
r_2297,0.0,0.4719922102890101,optimal,optimal,False
r_2298,0.0,0.43673623071280454,optimal,optimal,False
r_2299,0.0,1.0384181584298415,optimal,optimal,False
r_2300,0.0,1.0384181545272564,optimal,optimal,False
r_2301,0.0,0.47199220853842905,optimal,optimal,False
r_2302,0.0,1.0384181545226554,optimal,optimal,False
r_2303,0.0,0.4719922085531472,optimal,optimal,False
r_2304,0.0,1.0384181545171918,optimal,optimal,False
r_2305,-1000.0,1000.0,optimal,optimal,False
r_2308,0.0,3.8409016049165383,optimal,optimal,False
r_2309,0.0,3.841002042807908,optimal,optimal,False
r_2310,0.0,3.840710866083766,optimal,optimal,False
r_2311,0.0,3.8407569364002803,optimal,optimal,False
r_2312,0.0,3.566551490290014,optimal,optimal,False
r_2313,0.0,3.566644754030403,optimal,optimal,False
r_2314,0.0,3.56637437569178,optimal,optimal,False
r_2315,0.0,3.566417155208593,optimal,optimal,False
r_2320,0.0,3.566519683312285,optimal,optimal,False
r_2321,0.0,3.566572106948367,optimal,optimal,False
r_2322,0.0,3.5663725489924873,optimal,optimal,False
r_2323,0.0,3.56636678286062,optimal,optimal,False
r_2324,0.0,3.566551490314174,optimal,optimal,False
r_2325,0.0,3.566644754057162,optimal,optimal,False
r_2326,0.0,3.566374375677927,optimal,optimal,False
r_2327,0.0,3.566417155249052,optimal,optimal,False
r_2328,0.0,3.5665196832997355,optimal,optimal,False
r_2329,0.0,3.566572106814241,optimal,optimal,False
r_2330,0.0,3.5663725490191207,optimal,optimal,False
r_2331,0.0,3.5663667828438665,optimal,optimal,False
r_2332,0.0,3.8409016049402536,optimal,optimal,False
r_2333,0.0,3.84086735123428,optimal,optimal,False
r_2334,0.0,3.841000879234258,optimal,optimal,False
r_2335,0.0,3.840923807450363,optimal,optimal,False
r_2336,0.0,3.840710866057537,optimal,optimal,False
r_2337,0.0,3.8407088989171556,optimal,optimal,False
r_2338,0.0,3.840756936410277,optimal,optimal,False
r_2339,0.0,3.8407026892464615,optimal,optimal,False
r_2340,0.0,3.84086735125549,optimal,optimal,False
r_2341,0.0,3.8409238074639496,optimal,optimal,False
r_2342,0.0,3.840708898912543,optimal,optimal,False
r_2343,0.0,3.8407026892333103,optimal,optimal,False
r_2344,0.0,16.642863231123805,optimal,optimal,False
r_2345,0.0,16.64280101146106,optimal,optimal,False
r_2346,0.0,16.64287027500594,optimal,optimal,False
r_2347,0.0,16.642801011402558,optimal,optimal,False
r_2348,0.0,16.642812236843994,optimal,optimal,False
r_2349,0.0,16.64280101148593,optimal,optimal,False
r_2350,0.0,16.642801011435008,optimal,optimal,False
r_2351,0.0,16.642801011623554,optimal,optimal,False
r_2352,0.0,0.0,optimal,optimal,True
r_2353,0.0,0.0,optimal,optimal,True
r_2354,0.0,0.0,optimal,optimal,True
r_2355,0.0,0.0,optimal,optimal,True
r_2356,0.0,0.0,optimal,optimal,True
r_2357,0.0,0.0,optimal,optimal,True
r_2358,0.0,0.0,optimal,optimal,True
r_2359,0.0,0.0,optimal,optimal,True
r_2360,0.0,16.642863231141042,optimal,optimal,False
r_2361,0.0,16.64280101139861,optimal,optimal,False
r_2362,0.0,16.642870274924864,optimal,optimal,False
r_2363,0.0,16.642801011414278,optimal,optimal,False
r_2364,0.0,16.642812236861698,optimal,optimal,False
r_2365,0.0,16.642801011490217,optimal,optimal,False
r_2366,0.0,16.642801011559822,optimal,optimal,False
r_2367,0.0,16.64280101147161,optimal,optimal,False
r_2368,0.0,9.985741161504222,optimal,optimal,False
r_2369,0.0,9.985681025661528,optimal,optimal,False
r_2370,0.0,9.985745574500761,optimal,optimal,False
r_2371,0.0,9.985681582823213,optimal,optimal,False
r_2372,0.0,9.985698300454215,optimal,optimal,False
r_2373,0.0,9.9856809472708,optimal,optimal,False
r_2374,0.0,9.985681582806833,optimal,optimal,False
r_2375,0.0,9.985680606850522,optimal,optimal,False
r_2376,0.0,9.985749870363483,optimal,optimal,False
r_2377,0.0,9.985749870406245,optimal,optimal,False
r_2378,0.0,9.985749870407382,optimal,optimal,False
r_2379,0.0,9.985749870411397,optimal,optimal,False
r_2380,0.0,9.985749870376896,optimal,optimal,False
r_2381,0.0,9.985749870404952,optimal,optimal,False
r_2382,0.0,9.985749870386767,optimal,optimal,False
r_2383,0.0,9.985749870378685,optimal,optimal,False
r_2384,0.0,9.985698300547808,optimal,optimal,False
r_2385,0.0,9.985680947283756,optimal,optimal,False
r_2386,0.0,9.985701339920114,optimal,optimal,False
r_2387,0.0,9.985681199018906,optimal,optimal,False
r_2388,0.0,9.98568412992744,optimal,optimal,False
r_2389,0.0,9.985680923067834,optimal,optimal,False
r_2390,0.0,9.985681198949885,optimal,optimal,False
r_2391,0.0,9.985680606829824,optimal,optimal,False
r_2392,0.0,9.98574987066043,optimal,optimal,False
r_2393,0.0,9.98574987037824,optimal,optimal,False
r_2394,0.0,9.985749870379077,optimal,optimal,False
r_2395,0.0,9.985749870394892,optimal,optimal,False
r_2396,0.0,9.98574987031012,optimal,optimal,False
r_2397,0.0,9.985749870354763,optimal,optimal,False
r_2398,0.0,9.985749870342305,optimal,optimal,False
r_2399,0.0,9.985749870153802,optimal,optimal,False
r_2400,0.0,9.985741161502203,optimal,optimal,False
r_2401,0.0,9.985681025692571,optimal,optimal,False
r_2402,0.0,9.985745574528483,optimal,optimal,False
r_2403,0.0,9.985681582833934,optimal,optimal,False
r_2404,0.0,9.985698300503094,optimal,optimal,False
r_2405,0.0,9.985680947303859,optimal,optimal,False
r_2406,0.0,9.985681582861389,optimal,optimal,False
r_2407,0.0,9.985680606888577,optimal,optimal,False
r_2408,0.0,9.985749870393338,optimal,optimal,False
r_2409,0.0,9.985749870399307,optimal,optimal,False
r_2410,0.0,9.9857498704091,optimal,optimal,False
r_2411,0.0,9.985749870360939,optimal,optimal,False
r_2412,0.0,9.985749870340607,optimal,optimal,False
r_2413,0.0,9.985749870293617,optimal,optimal,False
r_2414,0.0,9.985749870314772,optimal,optimal,False
r_2415,0.0,9.98574987036938,optimal,optimal,False
r_2416,0.0,9.985698300446169,optimal,optimal,False
r_2417,0.0,9.985680947256373,optimal,optimal,False
r_2418,0.0,9.985701339929399,optimal,optimal,False
r_2419,0.0,9.98568119893794,optimal,optimal,False
r_2420,0.0,9.98568412992888,optimal,optimal,False
r_2421,0.0,9.985680923043743,optimal,optimal,False
r_2422,0.0,9.98568119891694,optimal,optimal,False
r_2423,0.0,9.98568060686538,optimal,optimal,False
r_2424,0.0,9.985749870281069,optimal,optimal,False
r_2425,0.0,9.985749870194947,optimal,optimal,False
r_2426,0.0,9.985749870365467,optimal,optimal,False
r_2427,0.0,9.985749870382516,optimal,optimal,False
r_2428,0.0,9.985749870319323,optimal,optimal,False
r_2429,0.0,9.985749870396015,optimal,optimal,False
r_2430,0.0,9.985749870355813,optimal,optimal,False
r_2431,0.0,9.985749870373944,optimal,optimal,False
r_2432,-1.2421111590247573e-19,6.24130559691774,optimal,optimal,False
r_2433,-1.1279065722540985e-20,6.241381198770307,optimal,optimal,False
r_2434,0.0,6.24111485817613,optimal,optimal,False
r_2435,0.0,6.2411260530561865,optimal,optimal,False
r_2436,0.0,6.241249934727096,optimal,optimal,False
r_2437,0.0,6.2412771058005365,optimal,optimal,False
r_2438,0.0,6.241111661457562,optimal,optimal,False
r_2439,0.0,6.241089945626877,optimal,optimal,False
r_2440,0.0,4.53896269937876,optimal,optimal,False
r_2441,0.0,4.538964620413116,optimal,optimal,False
r_2442,0.0,4.538948791850139,optimal,optimal,False
r_2443,0.0,4.538945730399956,optimal,optimal,False
r_2444,1.475448423580206e-13,4.538945730411445,optimal,optimal,False
r_2445,0.0,4.538945730384316,optimal,optimal,False
r_2446,0.0,0.3392503238285434,optimal,optimal,False
r_2447,0.0,0.33925591689594614,optimal,optimal,False
r_2448,0.0,0.33916272503951994,optimal,optimal,False
r_2449,0.0,0.339240259034306,optimal,optimal,False
r_2450,0.0,0.33924467568797606,optimal,optimal,False
r_2451,0.0,0.33924699020427207,optimal,optimal,False
r_2452,0.0,0.33916261477287935,optimal,optimal,False
r_2453,0.0,0.3392292718288927,optimal,optimal,False
r_2454,1.1871892792038745e-20,6.24113655111388,optimal,optimal,False
r_2455,0.0,6.241142462213777,optimal,optimal,False
r_2456,0.0,6.241110357924898,optimal,optimal,False
r_2457,0.0,6.241083097441527,optimal,optimal,False
r_2458,0.0,6.241080784232487,optimal,optimal,False
r_2459,0.0,6.241083097421751,optimal,optimal,False
r_2460,0.0,6.241075698841259,optimal,optimal,False
r_2461,0.0,6.241050379317299,optimal,optimal,False
r_2462,-3.898240189307756e-37,0.0,optimal,optimal,True
r_2463,0.0,0.0,optimal,optimal,True
r_2464,0.0,0.3391886830550554,optimal,optimal,False
r_2465,0.0,0.33919408616392793,optimal,optimal,False
r_2466,0.0,0.3391627250351447,optimal,optimal,False
r_2467,0.0,0.3391781009866788,optimal,optimal,False
r_2468,0.0,0.33918449892519337,optimal,optimal,False
r_2469,0.0,0.33918668386597794,optimal,optimal,False
r_2470,0.0,0.3391625883421268,optimal,optimal,False
r_2471,0.0,0.33917590411169557,optimal,optimal,False
r_2472,0.0,0.3391886830556522,optimal,optimal,False
r_2473,0.0,0.3391940861608229,optimal,optimal,False
r_2474,0.0,0.3391627250372842,optimal,optimal,False
r_2475,0.0,0.3391781009861429,optimal,optimal,False
r_2476,0.0,0.3391844989264075,optimal,optimal,False
r_2477,0.0,0.3391866838670038,optimal,optimal,False
r_2478,0.0,0.3391625883439743,optimal,optimal,False
r_2479,0.0,0.33917590410983006,optimal,optimal,False
r_2480,0.0,0.33918868305641525,optimal,optimal,False
r_2481,0.0,0.33919408616273344,optimal,optimal,False
r_2482,0.0,0.3391627250370231,optimal,optimal,False
r_2483,0.0,0.3391781009863282,optimal,optimal,False
r_2484,0.0,0.3391844989253063,optimal,optimal,False
r_2485,0.0,0.3391866838677962,optimal,optimal,False
r_2486,0.0,0.33916258834256097,optimal,optimal,False
r_2487,0.0,0.3391759041120512,optimal,optimal,False
r_2488,0.0,0.3391120051719276,optimal,optimal,False
r_2489,0.0,0.3391137986122321,optimal,optimal,False
r_2490,0.0,0.33909961211696893,optimal,optimal,False
r_2491,0.0,0.33910030756288084,optimal,optimal,False
r_2492,0.0,0.33911200516991413,optimal,optimal,False
r_2493,0.0,0.3391137986157643,optimal,optimal,False
r_2494,0.0,0.3390996121178825,optimal,optimal,False
r_2495,0.0,0.3391003075612664,optimal,optimal,False
r_2496,0.0,0.33911200516955176,optimal,optimal,False
r_2497,0.0,0.3391137986106762,optimal,optimal,False
r_2498,0.0,0.33909961211804734,optimal,optimal,False
r_2499,0.0,0.3391003075610993,optimal,optimal,False
r_2500,0.0,0.33911200517234436,optimal,optimal,False
r_2501,0.0,0.3391137986090993,optimal,optimal,False
r_2502,0.0,0.33909961211721,optimal,optimal,False
r_2503,0.0,0.3391003075617294,optimal,optimal,False
r_2504,0.0,0.3391120051732787,optimal,optimal,False
r_2505,0.0,0.33911379861257746,optimal,optimal,False
r_2506,0.0,0.3390996121175388,optimal,optimal,False
r_2507,0.0,0.3391003075590454,optimal,optimal,False
r_2508,0.0,0.3391120051729049,optimal,optimal,False
r_2509,0.0,0.3391137986115263,optimal,optimal,False
r_2510,0.0,0.33909961211761,optimal,optimal,False
r_2511,0.0,0.33910030756136245,optimal,optimal,False
r_2512,0.0,16.642801011589103,optimal,optimal,False
r_2513,0.0,16.642801011443026,optimal,optimal,False
r_2514,0.0,16.642801011443243,optimal,optimal,False
r_2515,0.0,16.64280101144324,optimal,optimal,False
r_2516,0.0,16.64280101146972,optimal,optimal,False
r_2517,0.0,16.642801011514518,optimal,optimal,False
r_2518,0.0,16.642801011515946,optimal,optimal,False
r_2519,0.0,16.64280101151678,optimal,optimal,False
r_2520,0.0,0.0,optimal,optimal,True
r_2521,0.0,0.0,optimal,optimal,True
r_2522,0.0,0.0,optimal,optimal,True
r_2523,0.0,0.0,optimal,optimal,True
r_2524,0.0,0.0,optimal,optimal,True
r_2525,0.0,0.0,optimal,optimal,True
r_2526,0.0,0.0,optimal,optimal,True
r_2527,0.0,0.0,optimal,optimal,True
r_2528,0.0,6.241050379311935,optimal,optimal,False
r_2529,0.0,6.241050379305155,optimal,optimal,False
r_2530,0.0,6.241050379298607,optimal,optimal,False
r_2531,0.0,6.241050379308087,optimal,optimal,False
r_2532,0.0,6.2410503793199155,optimal,optimal,False
r_2533,0.0,6.241050379328936,optimal,optimal,False
r_2534,0.0,6.241050379271574,optimal,optimal,False
r_2535,0.0,6.241050379265563,optimal,optimal,False
r_2536,0.0,4.538962699349173,optimal,optimal,False
r_2537,0.0,4.538964620485988,optimal,optimal,False
r_2538,0.0,4.538948791836041,optimal,optimal,False
r_2539,0.0,4.538945730393159,optimal,optimal,False
r_2540,0.0,4.538945730374609,optimal,optimal,False
r_2541,0.0,4.5389457303861,optimal,optimal,False
r_2542,0.0,4.538962699390142,optimal,optimal,False
r_2543,0.0,4.538964620458151,optimal,optimal,False
r_2544,0.0,4.5389487918577105,optimal,optimal,False
r_2545,0.0,4.53894573042974,optimal,optimal,False
r_2546,0.0,4.538945730398451,optimal,optimal,False
r_2547,0.0,4.538945730409164,optimal,optimal,False
r_2548,0.0,5.878475801102015e-46,optimal,optimal,True
r_2549,0.0,0.0,optimal,optimal,True
r_2550,0.0,0.0,optimal,optimal,True
r_2551,0.0,0.0,optimal,optimal,True
r_2552,0.0,0.0,optimal,optimal,True
r_2553,0.0,0.0,optimal,optimal,True
r_2554,0.0,0.0,optimal,optimal,True
r_2555,0.0,0.0,optimal,optimal,True
r_2556,0.0,0.0,optimal,optimal,True
r_2557,0.0,0.0,optimal,optimal,True
r_2558,0.0,0.0,optimal,optimal,True
r_2559,0.0,0.0,optimal,optimal,True
r_2560,0.0,0.0,optimal,optimal,True
r_2561,0.0,0.0,optimal,optimal,True
r_2562,0.0,0.0,optimal,optimal,True
r_2563,0.0,0.0,optimal,optimal,True
r_2564,0.0,0.0,optimal,optimal,True
r_2565,0.0,0.0,optimal,optimal,True
r_2566,0.0,0.0,optimal,optimal,True
r_2567,0.0,0.0,optimal,optimal,True
r_2568,0.0,0.0,optimal,optimal,True
r_2569,0.0,0.0,optimal,optimal,True
r_2570,0.0,0.0,optimal,optimal,True
r_2571,0.0,0.0,optimal,optimal,True
r_2572,0.0,2.9864508823788205e-29,optimal,optimal,True
r_2573,0.0,-7.402188435834055e-45,optimal,optimal,True
r_2574,0.0,0.0,optimal,optimal,True
r_2575,0.0,0.0,optimal,optimal,True
r_2576,0.0,0.0,optimal,optimal,True
r_2577,0.0,0.0,optimal,optimal,True
r_2578,0.0,0.0,optimal,optimal,True
r_2579,0.0,0.0,optimal,optimal,True
r_2580,0.0,0.0,optimal,optimal,True
r_2581,0.0,0.0,optimal,optimal,True
r_2582,0.0,0.0,optimal,optimal,True
r_2583,0.0,0.0,optimal,optimal,True
r_2584,0.0,0.0,optimal,optimal,True
r_2585,0.0,0.0,optimal,optimal,True
r_2586,0.0,0.0,optimal,optimal,True
r_2587,0.0,-3.063909670225996e-30,optimal,optimal,True
r_2588,0.0,0.0,optimal,optimal,True
r_2589,0.0,0.0,optimal,optimal,True
r_2590,0.0,1.935219168841891e-22,optimal,optimal,True
r_2591,0.0,-3.0116389485618126e-30,optimal,optimal,True
r_2592,0.0,2.561944886521735e-20,optimal,optimal,True
r_2593,0.0,0.0,optimal,optimal,True
r_2594,0.0,2.2481699834059183e-30,optimal,optimal,True
r_2595,0.0,-4.703379947884927e-30,optimal,optimal,True
r_2596,0.0,-4.634224974069132e-31,optimal,optimal,True
r_2597,0.0,3.251148093097617e-30,optimal,optimal,True
r_2598,0.0,0.0,optimal,optimal,True
r_2599,0.0,0.0,optimal,optimal,True
r_2600,0.0,7.232722994827733e-29,optimal,optimal,True
r_2601,0.0,0.0,optimal,optimal,True
r_2602,0.0,-2.3908805152065736e-29,optimal,optimal,True
r_2603,0.0,-2.4121146084510463e-29,optimal,optimal,True
r_2604,0.0,0.0,optimal,optimal,True
r_2605,0.0,-1.2222809335638318e-28,optimal,optimal,True
r_2606,0.0,4.0820038984075654e-29,optimal,optimal,True
r_2607,0.0,0.0,optimal,optimal,True
r_2608,0.0,5.985928016325459e-29,optimal,optimal,True
r_2609,0.0,0.0,optimal,optimal,True
r_2610,0.0,-1.8257612654234518e-29,optimal,optimal,True
r_2611,0.0,0.0,optimal,optimal,True
r_2612,0.0,0.0,optimal,optimal,True
r_2613,0.0,0.0,optimal,optimal,True
r_2614,0.0,-6.461801838645163e-30,optimal,optimal,True
r_2615,0.0,0.0,optimal,optimal,True
r_2616,0.0,0.0,optimal,optimal,True
r_2617,-8.479419584032769e-30,-9.033604200321297e-46,optimal,optimal,True
r_2618,0.0,0.0,optimal,optimal,True
r_2619,0.0,0.0,optimal,optimal,True
r_2620,-1000.0,1000.0,optimal,optimal,False
r_2621,-1000.0,1000.0,optimal,optimal,False
r_2622,-1000.0,1000.0,optimal,optimal,False
r_2623,-1000.0,1000.0,optimal,optimal,False
r_2624,-1000.0,1000.0,optimal,optimal,False
r_2625,-1000.0,1000.0,optimal,optimal,False
r_2626,-1000.0,1000.0,optimal,optimal,False
r_2627,-1000.0,1000.0,optimal,optimal,False
r_2628,-1000.0,1000.0,optimal,optimal,False
r_2629,-1000.0,1000.0,optimal,optimal,False
r_2630,-1000.0,1000.0,optimal,optimal,False
r_2631,-1000.0,1000.0,optimal,optimal,False
r_2632,-1000.0,1000.0,optimal,optimal,False
r_2633,-1000.0,1000.0,optimal,optimal,False
r_2634,-1000.0,1000.0,optimal,optimal,False
r_2635,-1000.0,1000.0,optimal,optimal,False
r_2636,-1000.0,1000.0,optimal,optimal,False
r_2637,-1000.0,1000.0,optimal,optimal,False
r_2638,-1000.0,1000.0,optimal,optimal,False
r_2639,-1000.0,1000.0,optimal,optimal,False
r_2640,-1000.0,1000.0,optimal,optimal,False
r_2641,-1000.0,1000.0,optimal,optimal,False
r_2642,-1000.0,1000.0,optimal,optimal,False
r_2643,-1000.0,1000.0,optimal,optimal,False
r_2644,-1000.0,1000.0,optimal,optimal,False
r_2645,-1000.0,1000.0,optimal,optimal,False
r_2646,-1000.0,1000.0,optimal,optimal,False
r_2647,-1000.0,1000.0,optimal,optimal,False
r_2648,-1000.0,1000.0,optimal,optimal,False
r_2649,-1000.0,1000.0,optimal,optimal,False
r_2650,-1000.0,1000.0,optimal,optimal,False
r_2651,-1000.0,1000.0,optimal,optimal,False
r_2652,-1000.0,1000.0,optimal,optimal,False
r_2653,-1000.0,1000.0,optimal,optimal,False
r_2654,-1000.0,1000.0,optimal,optimal,False
r_2655,-1000.0,1000.0,optimal,optimal,False
r_2656,-1000.0,1000.0,optimal,optimal,False
r_2657,-1000.0,1000.0,optimal,optimal,False
r_2658,-1000.0,1000.0,optimal,optimal,False
r_2659,-1000.0,1000.0,optimal,optimal,False
r_2660,-1000.0,1000.0,optimal,optimal,False
r_2661,-1000.0,1000.0,optimal,optimal,False
r_2662,-1000.0,1000.0,optimal,optimal,False
r_2663,-1000.0,1000.0,optimal,optimal,False
r_2664,-1000.0,1000.0,optimal,optimal,False
r_2665,-1000.0,1000.0,optimal,optimal,False
r_2666,-1000.0,1000.0,optimal,optimal,False
r_2667,-1000.0,1000.0,optimal,optimal,False
r_2668,-1000.0,1000.0,optimal,optimal,False
r_2669,-1000.0,1000.0,optimal,optimal,False
r_2670,-1000.0,1000.0,optimal,optimal,False
r_2671,-1000.0,1000.0,optimal,optimal,False
r_2672,-1000.0,1000.0,optimal,optimal,False
r_2673,-1000.0,1000.0,optimal,optimal,False
r_2674,-1000.0,1000.0,optimal,optimal,False
r_2675,-1000.0,1000.0,optimal,optimal,False
r_2676,-1000.0,1000.0,optimal,optimal,False
r_2677,-1000.0,1000.0,optimal,optimal,False
r_2678,-1000.0,1000.0,optimal,optimal,False
r_2679,-1000.0,1000.0,optimal,optimal,False
r_2680,-1000.0,1000.0,optimal,optimal,False
r_2681,-1000.0,1000.0,optimal,optimal,False
r_2682,-1000.0,1000.0,optimal,optimal,False
r_2683,-1000.0,1000.0,optimal,optimal,False
r_2684,-1000.0,1000.0,optimal,optimal,False
r_2685,-1000.0,1000.0,optimal,optimal,False
r_2686,-1000.0,1000.0,optimal,optimal,False
r_2687,-1000.0,1000.0,optimal,optimal,False
r_2688,-1000.0,1000.0,optimal,optimal,False
r_2689,-1000.0,1000.0,optimal,optimal,False
r_2690,-1000.0,1000.0,optimal,optimal,False
r_2691,-1000.0,1000.0,optimal,optimal,False
r_2692,-1000.0,1000.0,optimal,optimal,False
r_2693,-1000.0,1000.0,optimal,optimal,False
r_2694,-1000.0,1000.0,optimal,optimal,False
r_2695,-1000.0,1000.0,optimal,optimal,False
r_2696,-1000.0,1000.0,optimal,optimal,False
r_2697,-1000.0,1000.0,optimal,optimal,False
r_2698,-1000.0,1000.0,optimal,optimal,False
r_2699,-1000.0,1000.0,optimal,optimal,False
r_2700,-1000.0,1000.0,optimal,optimal,False
r_2701,-1000.0,1000.0,optimal,optimal,False
r_2702,-1000.0,1000.0,optimal,optimal,False
r_2703,-1000.0,1000.0,optimal,optimal,False
r_2704,-1000.0,1000.0,optimal,optimal,False
r_2705,-1000.0,1000.0,optimal,optimal,False
r_2706,-1000.0,1000.0,optimal,optimal,False
r_2707,-1000.0,1000.0,optimal,optimal,False
r_2708,-1000.0,1000.0,optimal,optimal,False
r_2709,-1000.0,1000.0,optimal,optimal,False
r_2710,-1000.0,1000.0,optimal,optimal,False
r_2711,-1000.0,1000.0,optimal,optimal,False
r_2712,-1000.0,1000.0,optimal,optimal,False
r_2713,-1000.0,1000.0,optimal,optimal,False
r_2714,-1000.0,1000.0,optimal,optimal,False
r_2715,-1000.0,1000.0,optimal,optimal,False
r_2716,-1000.0,1000.0,optimal,optimal,False
r_2717,-1000.0,1000.0,optimal,optimal,False
r_2718,-1000.0,1000.0,optimal,optimal,False
r_2719,-1000.0,1000.0,optimal,optimal,False
r_2720,-1000.0,1000.0,optimal,optimal,False
r_2721,-1000.0,1000.0,optimal,optimal,False
r_2722,-1000.0,1000.0,optimal,optimal,False
r_2723,-1000.0,1000.0,optimal,optimal,False
r_2724,-1000.0,1000.0,optimal,optimal,False
r_2725,-1000.0,1000.0,optimal,optimal,False
r_2726,-1000.0,1000.0,optimal,optimal,False
r_2727,-1000.0,1000.0,optimal,optimal,False
r_2728,-1000.0,1000.0,optimal,optimal,False
r_2729,-1000.0,1000.0,optimal,optimal,False
r_2730,-1000.0,1000.0,optimal,optimal,False
r_2731,-1000.0,1000.0,optimal,optimal,False
r_2732,-1000.0,1000.0,optimal,optimal,False
r_2733,-1000.0,1000.0,optimal,optimal,False
r_2734,-1000.0,1000.0,optimal,optimal,False
r_2735,-1000.0,1000.0,optimal,optimal,False
r_2736,-1000.0,1000.0,optimal,optimal,False
r_2737,-1000.0,1000.0,optimal,optimal,False
r_2738,-1000.0,1000.0,optimal,optimal,False
r_2739,-1000.0,1000.0,optimal,optimal,False
r_2740,-1000.0,1000.0,optimal,optimal,False
r_2741,-1000.0,1000.0,optimal,optimal,False
r_2742,-1000.0,1000.0,optimal,optimal,False
r_2743,-1000.0,1000.0,optimal,optimal,False
r_2744,-1000.0,1000.0,optimal,optimal,False
r_2745,-1000.0,1000.0,optimal,optimal,False
r_2746,-1000.0,1000.0,optimal,optimal,False
r_2747,-1000.0,1000.0,optimal,optimal,False
r_2748,-1000.0,1000.0,optimal,optimal,False
r_2749,-1000.0,1000.0,optimal,optimal,False
r_2750,-1000.0,1000.0,optimal,optimal,False
r_2751,-1000.0,1000.0,optimal,optimal,False
r_2752,-1000.0,1000.0,optimal,optimal,False
r_2753,-1000.0,1000.0,optimal,optimal,False
r_2754,-1000.0,1000.0,optimal,optimal,False
r_2755,-1000.0,1000.0,optimal,optimal,False
r_2756,-1000.0,1000.0,optimal,optimal,False
r_2757,-1000.0,1000.0,optimal,optimal,False
r_2758,-1000.0,1000.0,optimal,optimal,False
r_2759,-1000.0,1000.0,optimal,optimal,False
r_2760,-1000.0,1000.0,optimal,optimal,False
r_2761,-1000.0,1000.0,optimal,optimal,False
r_2762,-1000.0,1000.0,optimal,optimal,False
r_2763,-1000.0,1000.0,optimal,optimal,False
r_2764,-1000.0,1000.0,optimal,optimal,False
r_2765,-1000.0,1000.0,optimal,optimal,False
r_2766,-1000.0,1000.0,optimal,optimal,False
r_2767,-1000.0,1000.0,optimal,optimal,False
r_2768,-1000.0,1000.0,optimal,optimal,False
r_2769,-1000.0,1000.0,optimal,optimal,False
r_2770,-1000.0,1000.0,optimal,optimal,False
r_2771,-1000.0,1000.0,optimal,optimal,False
r_2772,-1000.0,1000.0,optimal,optimal,False
r_2773,-1000.0,1000.0,optimal,optimal,False
r_2774,-1000.0,1000.0,optimal,optimal,False
r_2775,-1000.0,1000.0,optimal,optimal,False
r_2776,-1000.0,1000.0,optimal,optimal,False
r_2777,-1000.0,1000.0,optimal,optimal,False
r_2778,-1000.0,1000.0,optimal,optimal,False
r_2779,-1000.0,1000.0,optimal,optimal,False
r_2780,-1000.0,1000.0,optimal,optimal,False
r_2781,-1000.0,1000.0,optimal,optimal,False
r_2782,-1000.0,1000.0,optimal,optimal,False
r_2783,-1000.0,1000.0,optimal,optimal,False
r_2784,-1000.0,1000.0,optimal,optimal,False
r_2785,-1000.0,1000.0,optimal,optimal,False
r_2786,-1000.0,1000.0,optimal,optimal,False
r_2787,-1000.0,1000.0,optimal,optimal,False
r_2788,-1000.0,1000.0,optimal,optimal,False
r_2789,-1000.0,1000.0,optimal,optimal,False
r_2790,-1000.0,1000.0,optimal,optimal,False
r_2791,-1000.0,1000.0,optimal,optimal,False
r_2792,-1000.0,1000.0,optimal,optimal,False
r_2793,-1000.0,1000.0,optimal,optimal,False
r_2794,-1000.0,1000.0,optimal,optimal,False
r_2795,-1000.0,1000.0,optimal,optimal,False
r_2796,-1000.0,1000.0,optimal,optimal,False
r_2797,-1000.0,1000.0,optimal,optimal,False
r_2798,-1000.0,1000.0,optimal,optimal,False
r_2799,-1000.0,1000.0,optimal,optimal,False
r_2800,-1000.0,1000.0,optimal,optimal,False
r_2801,-1000.0,1000.0,optimal,optimal,False
r_2802,-1000.0,1000.0,optimal,optimal,False
r_2803,-1000.0,1000.0,optimal,optimal,False
r_2804,-1000.0,1000.0,optimal,optimal,False
r_2805,-1000.0,1000.0,optimal,optimal,False
r_2806,-1000.0,1000.0,optimal,optimal,False
r_2807,-1000.0,1000.0,optimal,optimal,False
r_2808,-1000.0,1000.0,optimal,optimal,False
r_2809,-1000.0,1000.0,optimal,optimal,False
r_2810,-1000.0,1000.0,optimal,optimal,False
r_2811,-1000.0,1000.0,optimal,optimal,False
r_2820,0.0,16.642801011234628,optimal,optimal,False
r_2821,0.0,16.642801011339944,optimal,optimal,False
r_2822,0.0,16.642801011073463,optimal,optimal,False
r_2823,0.0,16.642801011254186,optimal,optimal,False
r_2824,0.0,16.642801011242405,optimal,optimal,False
r_2825,0.0,16.642801011114415,optimal,optimal,False
r_2826,0.0,16.642801011307608,optimal,optimal,False
r_2827,0.0,16.64280101109723,optimal,optimal,False
r_2828,0.0,0.0,optimal,optimal,True
r_2829,0.0,0.0,optimal,optimal,True
r_2830,0.0,0.0,optimal,optimal,True
r_2831,0.0,0.0,optimal,optimal,True
r_2832,0.0,0.0,optimal,optimal,True
r_2833,0.0,0.0,optimal,optimal,True
r_2834,0.0,0.0,optimal,optimal,True
r_2835,0.0,0.0,optimal,optimal,True
r_2836,0.0,16.642801010851237,optimal,optimal,False
r_2837,0.0,16.642801011095717,optimal,optimal,False
r_2838,0.0,16.642801010916322,optimal,optimal,False
r_2839,0.0,16.64280101123911,optimal,optimal,False
r_2840,0.0,16.642801011145195,optimal,optimal,False
r_2841,0.0,16.642801010919015,optimal,optimal,False
r_2842,0.0,16.64280101088085,optimal,optimal,False
r_2843,0.0,16.64280101120704,optimal,optimal,False
r_2844,0.0,8.32140050562089,optimal,optimal,False
r_2845,0.0,8.32140050572131,optimal,optimal,False
r_2846,0.0,8.321400505519998,optimal,optimal,False
r_2847,0.0,8.3214005056716,optimal,optimal,False
r_2848,0.0,8.321400505662558,optimal,optimal,False
r_2849,0.0,8.321400505645066,optimal,optimal,False
r_2850,0.0,8.32140050574337,optimal,optimal,False
r_2851,0.0,8.321400505782025,optimal,optimal,False
r_2852,0.0,16.642801010989878,optimal,optimal,False
r_2853,0.0,16.642801011009833,optimal,optimal,False
r_2854,0.0,16.6428010103934,optimal,optimal,False
r_2855,0.0,16.642801010386428,optimal,optimal,False
r_2856,0.0,16.642801011094356,optimal,optimal,False
r_2857,0.0,16.64280101123147,optimal,optimal,False
r_2858,0.0,16.642801011469675,optimal,optimal,False
r_2859,0.0,16.642801011275058,optimal,optimal,False
r_2860,0.0,8.321400505519131,optimal,optimal,False
r_2861,0.0,8.321400505431969,optimal,optimal,False
r_2862,0.0,8.321400505497557,optimal,optimal,False
r_2863,0.0,8.321400505605002,optimal,optimal,False
r_2864,0.0,8.321400505879424,optimal,optimal,False
r_2865,0.0,8.321400505609306,optimal,optimal,False
r_2866,0.0,8.32140050551054,optimal,optimal,False
r_2867,0.0,8.321400505551797,optimal,optimal,False
r_2868,0.0,16.642801011135553,optimal,optimal,False
r_2869,0.0,16.642801011008007,optimal,optimal,False
r_2870,0.0,16.642801011195644,optimal,optimal,False
r_2871,0.0,16.642801010965545,optimal,optimal,False
r_2872,0.0,16.64280101108166,optimal,optimal,False
r_2873,0.0,16.642801010997587,optimal,optimal,False
r_2874,0.0,16.642801011309906,optimal,optimal,False
r_2875,0.0,16.642801010906393,optimal,optimal,False
r_2876,0.0,16.64280101092655,optimal,optimal,False
r_2877,0.0,16.642801011135884,optimal,optimal,False
r_2878,0.0,16.642801011125933,optimal,optimal,False
r_2879,0.0,16.642801011062623,optimal,optimal,False
r_2880,0.0,16.642801010995544,optimal,optimal,False
r_2881,0.0,16.642801011076354,optimal,optimal,False
r_2882,0.0,16.642801011158124,optimal,optimal,False
r_2883,0.0,16.64280101104872,optimal,optimal,False
r_2884,-1000.0,1000.0,optimal,optimal,False
r_2885,-1000.0,1000.0,optimal,optimal,False
r_2886,-1000.0,1000.0,optimal,optimal,False
r_2887,-1000.0,1000.0,optimal,optimal,False
r_2888,-1000.0,1000.0,optimal,optimal,False
r_2889,-1000.0,1000.0,optimal,optimal,False
r_2890,-1000.0,1000.0,optimal,optimal,False
r_2891,-1000.0,1000.0,optimal,optimal,False
r_2892,-1000.0,1000.0,optimal,optimal,False
r_2893,-1000.0,1000.0,optimal,optimal,False
r_2894,-1000.0,1000.0,optimal,optimal,False
r_2895,-1000.0,1000.0,optimal,optimal,False
r_2896,-1000.0,1000.0,optimal,optimal,False
r_2897,-1000.0,1000.0,optimal,optimal,False
r_2898,-1000.0,1000.0,optimal,optimal,False
r_2899,-1000.0,1000.0,optimal,optimal,False
r_2900,-1000.0,1000.0,optimal,optimal,False
r_2901,-1000.0,1000.0,optimal,optimal,False
r_2902,-1000.0,1000.0,optimal,optimal,False
r_2903,-1000.0,1000.0,optimal,optimal,False
r_2904,-1000.0,1000.0,optimal,optimal,False
r_2905,-1000.0,1000.0,optimal,optimal,False
r_2906,-1000.0,1000.0,optimal,optimal,False
r_2907,-1000.0,1000.0,optimal,optimal,False
r_2908,-1000.0,1000.0,optimal,optimal,False
r_2909,-1000.0,1000.0,optimal,optimal,False
r_2910,-1000.0,1000.0,optimal,optimal,False
r_2911,-1000.0,1000.0,optimal,optimal,False
r_2912,-1000.0,1000.0,optimal,optimal,False
r_2913,-1000.0,1000.0,optimal,optimal,False
r_2914,-1000.0,1000.0,optimal,optimal,False
r_2915,-1000.0,1000.0,optimal,optimal,False
r_2916,-1000.0,1000.0,optimal,optimal,False
r_2917,-1000.0,1000.0,optimal,optimal,False
r_2918,-1000.0,1000.0,optimal,optimal,False
r_2919,-1000.0,1000.0,optimal,optimal,False
r_2920,-1000.0,1000.0,optimal,optimal,False
r_2921,-1000.0,1000.0,optimal,optimal,False
r_2922,-1000.0,1000.0,optimal,optimal,False
r_2923,-1000.0,1000.0,optimal,optimal,False
r_2924,-1000.0,1000.0,optimal,optimal,False
r_2925,-1000.0,1000.0,optimal,optimal,False
r_2926,-1000.0,1000.0,optimal,optimal,False
r_2927,-1000.0,1000.0,optimal,optimal,False
r_2928,-1000.0,1000.0,optimal,optimal,False
r_2929,-1000.0,1000.0,optimal,optimal,False
r_2930,-1000.0,1000.0,optimal,optimal,False
r_2931,-1000.0,1000.0,optimal,optimal,False
r_2932,-1000.0,1000.0,optimal,optimal,False
r_2933,-1000.0,1000.0,optimal,optimal,False
r_2934,-1000.0,1000.0,optimal,optimal,False
r_2935,-1000.0,1000.0,optimal,optimal,False
r_2936,-1000.0,1000.0,optimal,optimal,False
r_2937,-1000.0,1000.0,optimal,optimal,False
r_2938,-1000.0,1000.0,optimal,optimal,False
r_2939,-1000.0,1000.0,optimal,optimal,False
r_2940,-1000.0,1000.0,optimal,optimal,False
r_2941,-1000.0,1000.0,optimal,optimal,False
r_2942,-1000.0,1000.0,optimal,optimal,False
r_2943,-1000.0,1000.0,optimal,optimal,False
r_2944,-1000.0,1000.0,optimal,optimal,False
r_2945,-1000.0,1000.0,optimal,optimal,False
r_2946,-1000.0,1000.0,optimal,optimal,False
r_2947,-1000.0,1000.0,optimal,optimal,False
r_2948,-1000.0,1000.0,optimal,optimal,False
r_2949,-1000.0,1000.0,optimal,optimal,False
r_2950,-1000.0,1000.0,optimal,optimal,False
r_2951,-1000.0,1000.0,optimal,optimal,False
r_2952,-1000.0,1000.0,optimal,optimal,False
r_2953,-1000.0,1000.0,optimal,optimal,False
r_2954,-1000.0,1000.0,optimal,optimal,False
r_2955,-1000.0,1000.0,optimal,optimal,False
r_2956,-1000.0,1000.0,optimal,optimal,False
r_2957,-1000.0,1000.0,optimal,optimal,False
r_2958,-1000.0,1000.0,optimal,optimal,False
r_2959,-1000.0,1000.0,optimal,optimal,False
r_2960,-1000.0,1000.0,optimal,optimal,False
r_2961,-1000.0,1000.0,optimal,optimal,False
r_2962,-1000.0,1000.0,optimal,optimal,False
r_2963,-1000.0,1000.0,optimal,optimal,False
r_2964,-1000.0,1000.0,optimal,optimal,False
r_2965,-1000.0,1000.0,optimal,optimal,False
r_2966,-1000.0,1000.0,optimal,optimal,False
r_2967,-1000.0,1000.0,optimal,optimal,False
r_2968,-1000.0,1000.0,optimal,optimal,False
r_2969,-1000.0,1000.0,optimal,optimal,False
r_2970,-1000.0,1000.0,optimal,optimal,False
r_2971,-1000.0,1000.0,optimal,optimal,False
r_2972,-1000.0,1000.0,optimal,optimal,False
r_2973,-1000.0,1000.0,optimal,optimal,False
r_2974,-1000.0,1000.0,optimal,optimal,False
r_2975,-1000.0,1000.0,optimal,optimal,False
r_2976,-1000.0,1000.0,optimal,optimal,False
r_2977,-1000.0,1000.0,optimal,optimal,False
r_2978,-1000.0,1000.0,optimal,optimal,False
r_2979,-1000.0,1000.0,optimal,optimal,False
r_2980,-1000.0,1000.0,optimal,optimal,False
r_2981,-1000.0,1000.0,optimal,optimal,False
r_2982,-1000.0,1000.0,optimal,optimal,False
r_2983,-1000.0,1000.0,optimal,optimal,False
r_2984,-1000.0,1000.0,optimal,optimal,False
r_2985,-1000.0,1000.0,optimal,optimal,False
r_2986,-1000.0,1000.0,optimal,optimal,False
r_2987,-1000.0,1000.0,optimal,optimal,False
r_2988,-1000.0,1000.0,optimal,optimal,False
r_2989,-1000.0,1000.0,optimal,optimal,False
r_2990,-1000.0,1000.0,optimal,optimal,False
r_2991,-1000.0,1000.0,optimal,optimal,False
r_2992,-1000.0,1000.0,optimal,optimal,False
r_2993,-1000.0,1000.0,optimal,optimal,False
r_2994,-1000.0,1000.0,optimal,optimal,False
r_2995,-1000.0,1000.0,optimal,optimal,False
r_2996,-1000.0,1000.0,optimal,optimal,False
r_2997,-1000.0,1000.0,optimal,optimal,False
r_2998,-1000.0,1000.0,optimal,optimal,False
r_2999,-1000.0,1000.0,optimal,optimal,False
r_3000,-1000.0,1000.0,optimal,optimal,False
r_3001,-1000.0,1000.0,optimal,optimal,False
r_3002,-1000.0,1000.0,optimal,optimal,False
r_3003,-1000.0,1000.0,optimal,optimal,False
r_3004,-1000.0,1000.0,optimal,optimal,False
r_3005,-1000.0,1000.0,optimal,optimal,False
r_3006,-1000.0,1000.0,optimal,optimal,False
r_3007,-1000.0,1000.0,optimal,optimal,False
r_3008,-1000.0,1000.0,optimal,optimal,False
r_3009,-1000.0,1000.0,optimal,optimal,False
r_3010,-1000.0,1000.0,optimal,optimal,False
r_3011,-1000.0,1000.0,optimal,optimal,False
r_3022,0.0,9.985680606804582,optimal,optimal,False
r_3023,0.0,9.98568060710319,optimal,optimal,False
r_3024,0.0,9.985680606908716,optimal,optimal,False
r_3025,0.0,9.985680606402747,optimal,optimal,False
r_3026,0.0,9.985680606014338,optimal,optimal,False
r_3027,0.0,9.985680606134972,optimal,optimal,False
r_3028,0.0,9.985680606380523,optimal,optimal,False
r_3029,0.0,9.985680606077558,optimal,optimal,False
r_3030,0.0,2.773819408231109,optimal,optimal,False
r_3031,0.0,2.7738194082930554,optimal,optimal,False
r_3032,0.0,2.773819408169744,optimal,optimal,False
r_3033,0.0,2.773819408242803,optimal,optimal,False
r_3034,0.0,2.773800168447542,optimal,optimal,False
r_3035,0.0,2.7738001685426297,optimal,optimal,False
r_3036,0.0,2.7738001683832545,optimal,optimal,False
r_3037,0.0,2.77380016844876,optimal,optimal,False
r_3038,0.0,2.773800168517379,optimal,optimal,False
r_3039,0.0,2.77380016842709,optimal,optimal,False
r_3040,0.0,2.7738001684602263,optimal,optimal,False
r_3041,0.0,2.773800168560943,optimal,optimal,False
r_3042,0.0,2.773800168511017,optimal,optimal,False
r_3043,0.0,2.77380016844222,optimal,optimal,False
r_3044,0.0,2.7738001683674707,optimal,optimal,False
r_3045,0.0,2.7738001685469573,optimal,optimal,False
r_3046,0.0,4.22685795070038e-28,optimal,optimal,True
r_3047,0.0,8.388557186317702e-28,optimal,optimal,True
r_3048,0.0,-4.189851165103943e-14,optimal,optimal,True
r_3049,0.0,-2.0455700323512496e-28,optimal,optimal,True
r_3050,0.0,0.0,optimal,optimal,True
r_3051,0.0,0.0,optimal,optimal,True
r_3052,0.0,-5.5644278105982285e-14,optimal,optimal,True
r_3053,0.0,6.578987266578856e-13,optimal,optimal,True
r_3054,0.0,8.064547807919714e-14,optimal,optimal,True
r_3055,0.0,5.501466956746886e-29,optimal,optimal,True
r_3056,0.0,2.1966907529565616e-28,optimal,optimal,True
r_3057,0.0,0.0,optimal,optimal,True
r_3058,0.0,-1.830428929238337e-13,optimal,optimal,True
r_3059,0.0,1.054837216767132e-28,optimal,optimal,True
r_3060,0.0,8.878229214823582e-29,optimal,optimal,True
r_3061,0.0,-2.848527111396152e-29,optimal,optimal,True
r_3062,0.0,0.0,optimal,optimal,True
r_3063,0.0,0.0,optimal,optimal,True
r_3064,0.0,-1.1386430693343632e-13,optimal,optimal,True
r_3065,0.0,0.0,optimal,optimal,True
r_3066,0.0,0.0,optimal,optimal,True
r_3067,0.0,0.0,optimal,optimal,True
r_3068,0.0,0.0,optimal,optimal,True
r_3069,0.0,0.0,optimal,optimal,True
r_3070,0.0,0.4491499166180452,optimal,optimal,False
r_3071,0.0,0.449149916625403,optimal,optimal,False
r_3072,0.0,0.44914991662747433,optimal,optimal,False
r_3073,0.0,0.4491499166100952,optimal,optimal,False
r_3074,0.0,0.44914991663885484,optimal,optimal,False
r_3075,0.0,0.44914991663884435,optimal,optimal,False
r_3076,0.0,0.44914991663542864,optimal,optimal,False
r_3077,0.0,0.4491499166414532,optimal,optimal,False
r_3078,0.0,0.44914991663430665,optimal,optimal,False
r_3079,0.0,0.4491499166330712,optimal,optimal,False
r_3080,0.0,0.4491499166320664,optimal,optimal,False
r_3081,0.0,0.4491499166360706,optimal,optimal,False
r_3082,0.0,0.0,optimal,optimal,True
r_3083,0.0,0.0,optimal,optimal,True
r_3084,0.0,0.0,optimal,optimal,True
r_3085,0.0,0.0,optimal,optimal,True
r_3086,0.0,0.0,optimal,optimal,True
r_3087,0.0,0.0,optimal,optimal,True
r_3088,0.0,0.0,optimal,optimal,True
r_3089,0.0,0.0,optimal,optimal,True
r_3090,0.0,0.0,optimal,optimal,True
r_3091,0.0,0.0,optimal,optimal,True
r_3092,0.0,0.0,optimal,optimal,True
r_3093,0.0,0.0,optimal,optimal,True
r_3094,0.0,0.0,optimal,optimal,True
r_3095,0.0,0.0,optimal,optimal,True
r_3096,0.0,0.0,optimal,optimal,True
r_3097,0.0,0.0,optimal,optimal,True
r_3098,0.0,4.538962699532372,optimal,optimal,False
r_3099,0.0,4.538964620251862,optimal,optimal,False
r_3100,0.0,4.538948791652958,optimal,optimal,False
r_3101,0.0,4.538945730611898,optimal,optimal,False
r_3102,0.0,4.538945730221975,optimal,optimal,False
r_3103,0.0,4.5389457302749205,optimal,optimal,False
r_3104,0.0,6.24105037902538,optimal,optimal,False
r_3105,0.0,6.2410503787692,optimal,optimal,False
r_3106,0.0,6.2410503789019005,optimal,optimal,False
r_3107,0.0,6.241050379254202,optimal,optimal,False
r_3108,0.0,6.241050379194597,optimal,optimal,False
r_3109,0.0,6.241050379235023,optimal,optimal,False
r_3110,0.0,6.241050379123595,optimal,optimal,False
r_3111,0.0,6.2410503790839496,optimal,optimal,False
r_3112,0.0,8.321400505575975,optimal,optimal,False
r_3113,0.0,8.321400505513592,optimal,optimal,False
r_3114,0.0,8.321400505467416,optimal,optimal,False
r_3115,0.0,8.321400505549901,optimal,optimal,False
r_3116,0.0,8.32140050568364,optimal,optimal,False
r_3117,0.0,8.321400505479104,optimal,optimal,False
r_3118,0.0,8.321400505544919,optimal,optimal,False
r_3119,0.0,8.321400505445341,optimal,optimal,False
r_3120,0.0,8.32140050543446,optimal,optimal,False
r_3121,0.0,8.321400505545553,optimal,optimal,False
r_3122,0.0,8.321400505659721,optimal,optimal,False
r_3123,0.0,8.321400505412997,optimal,optimal,False
r_3124,0.0,8.321400505386803,optimal,optimal,False
r_3125,0.0,8.321400505403865,optimal,optimal,False
r_3126,0.0,8.32140050550812,optimal,optimal,False
r_3127,0.0,8.32140050544819,optimal,optimal,False
r_3128,0.0,16.642801010937625,optimal,optimal,False
r_3129,0.0,16.64280101167222,optimal,optimal,False
r_3130,0.0,16.642801012089674,optimal,optimal,False
r_3131,0.0,16.64280101185394,optimal,optimal,False
r_3132,0.0,16.642801012143984,optimal,optimal,False
r_3133,0.0,16.64280101168154,optimal,optimal,False
r_3134,0.0,16.642801011968018,optimal,optimal,False
r_3135,0.0,16.64280101203301,optimal,optimal,False
r_3136,0.0,16.64280101193968,optimal,optimal,False
r_3137,0.0,16.642801011486828,optimal,optimal,False
r_3138,0.0,16.642801011727773,optimal,optimal,False
r_3139,0.0,16.642801011925417,optimal,optimal,False
r_3140,0.0,16.642801011691283,optimal,optimal,False
r_3141,0.0,16.642801011423323,optimal,optimal,False
r_3142,0.0,16.642801011713306,optimal,optimal,False
r_3143,0.0,16.642801011740435,optimal,optimal,False
r_3144,0.0,16.64280101180498,optimal,optimal,False
r_3145,0.0,16.642801011841197,optimal,optimal,False
r_3146,0.0,16.64280101175201,optimal,optimal,False
r_3147,0.0,16.642801011676394,optimal,optimal,False
r_3148,0.0,16.642801011710116,optimal,optimal,False
r_3149,0.0,16.642801011827753,optimal,optimal,False
r_3150,0.0,16.642801011812193,optimal,optimal,False
r_3151,0.0,16.642801012005798,optimal,optimal,False
r_3152,0.0,16.64280101199569,optimal,optimal,False
r_3153,0.0,16.64280101190545,optimal,optimal,False
r_3154,0.0,16.642801011833612,optimal,optimal,False
r_3155,0.0,16.642801011753317,optimal,optimal,False
r_3156,0.0,16.64280101178443,optimal,optimal,False
r_3157,0.0,16.6428010116533,optimal,optimal,False
r_3158,0.0,16.642801011617596,optimal,optimal,False
r_3159,0.0,16.642801011664066,optimal,optimal,False
r_3160,0.0,16.64280101140868,optimal,optimal,False
r_3161,0.0,16.642801011432816,optimal,optimal,False
r_3162,0.0,16.642801011209514,optimal,optimal,False
r_3163,0.0,16.642801011062843,optimal,optimal,False
r_3164,0.0,16.642801011366334,optimal,optimal,False
r_3165,0.0,16.64280101141014,optimal,optimal,False
r_3166,0.0,16.64280101139278,optimal,optimal,False
r_3167,0.0,16.642801010974754,optimal,optimal,False
r_3168,0.0,16.642801011451024,optimal,optimal,False
r_3169,0.0,16.642801011342282,optimal,optimal,False
r_3170,0.0,16.642801011542968,optimal,optimal,False
r_3171,0.0,16.642801011073544,optimal,optimal,False
r_3172,0.0,16.64280101148136,optimal,optimal,False
r_3173,0.0,16.642801011378523,optimal,optimal,False
r_3174,0.0,16.64280101117023,optimal,optimal,False
r_3175,0.0,16.64280101099463,optimal,optimal,False
r_3176,0.0,8.32140050573132,optimal,optimal,False
r_3177,0.0,8.321400505547238,optimal,optimal,False
r_3178,0.0,8.321400505579192,optimal,optimal,False
r_3179,0.0,8.321400505716447,optimal,optimal,False
r_3180,0.0,8.321400505573164,optimal,optimal,False
r_3181,0.0,8.32140050569563,optimal,optimal,False
r_3182,0.0,8.321400505701824,optimal,optimal,False
r_3183,0.0,8.321400505693848,optimal,optimal,False
r_3184,0.0,8.321400505677358,optimal,optimal,False
r_3185,0.0,8.32140050573922,optimal,optimal,False
r_3186,0.0,8.32140050571755,optimal,optimal,False
r_3187,0.0,8.321400505641316,optimal,optimal,False
r_3188,0.0,8.321400505670097,optimal,optimal,False
r_3189,0.0,8.32140050598831,optimal,optimal,False
r_3190,0.0,8.321400505690944,optimal,optimal,False
r_3191,0.0,8.321400505791342,optimal,optimal,False
r_3192,0.0,16.642801011345547,optimal,optimal,False
r_3193,0.0,16.642801011608874,optimal,optimal,False
r_3194,0.0,16.642801011346148,optimal,optimal,False
r_3195,0.0,16.642801011533713,optimal,optimal,False
r_3196,0.0,16.64280101171432,optimal,optimal,False
r_3197,0.0,16.642801011299664,optimal,optimal,False
r_3198,0.0,16.642801011436813,optimal,optimal,False
r_3199,0.0,16.64280101190935,optimal,optimal,False
r_3200,0.0,16.642801011486394,optimal,optimal,False
r_3201,0.0,16.642801011746055,optimal,optimal,False
r_3202,0.0,16.642801011473836,optimal,optimal,False
r_3203,0.0,16.642801011903227,optimal,optimal,False
r_3204,0.0,16.642801011455322,optimal,optimal,False
r_3205,0.0,16.642801011793694,optimal,optimal,False
r_3206,0.0,16.64280101168691,optimal,optimal,False
r_3207,0.0,16.64280101138718,optimal,optimal,False
r_3208,0.0,16.642801011544556,optimal,optimal,False
r_3209,0.0,16.642801011870553,optimal,optimal,False
r_3210,0.0,16.642801011282774,optimal,optimal,False
r_3211,0.0,16.642801011770725,optimal,optimal,False
r_3212,0.0,16.642801011769055,optimal,optimal,False
r_3213,0.0,16.642801011626887,optimal,optimal,False
r_3214,0.0,16.64280101191677,optimal,optimal,False
r_3215,0.0,16.642801011646362,optimal,optimal,False
r_3216,0.0,16.642801011554372,optimal,optimal,False
r_3217,0.0,16.64280101170384,optimal,optimal,False
r_3218,0.0,16.642801011681016,optimal,optimal,False
r_3219,0.0,16.642801011675264,optimal,optimal,False
r_3220,0.0,16.64280101166682,optimal,optimal,False
r_3221,0.0,16.642801011681215,optimal,optimal,False
r_3222,0.0,16.64280101153764,optimal,optimal,False
r_3223,0.0,16.642801011898882,optimal,optimal,False
r_3224,0.0,16.642801011774317,optimal,optimal,False
r_3225,0.0,16.642801011478298,optimal,optimal,False
r_3226,0.0,16.642801011478298,optimal,optimal,False
r_3227,0.0,16.642801011478294,optimal,optimal,False
r_3228,0.0,16.64280101146122,optimal,optimal,False
r_3229,0.0,16.642801011430155,optimal,optimal,False
r_3230,0.0,16.642801011478298,optimal,optimal,False
r_3231,0.0,16.64280101146419,optimal,optimal,False
r_3232,0.0,16.64280101149651,optimal,optimal,False
r_3233,0.0,16.642801011652715,optimal,optimal,False
r_3234,0.0,16.64280101165272,optimal,optimal,False
r_3235,0.0,16.64280101165272,optimal,optimal,False
r_3236,0.0,16.642801011609656,optimal,optimal,False
r_3237,0.0,16.64280101165272,optimal,optimal,False
r_3238,0.0,16.64280101165303,optimal,optimal,False
r_3239,0.0,16.642801011641467,optimal,optimal,False
r_3240,0.0,0.0,optimal,optimal,True
r_3241,0.0,0.0,optimal,optimal,True
r_3242,0.0,0.0,optimal,optimal,True
r_3243,0.0,0.0,optimal,optimal,True
r_3244,0.0,0.0,optimal,optimal,True
r_3245,0.0,0.0,optimal,optimal,True
r_3246,0.0,0.0,optimal,optimal,True
r_3247,0.0,0.0,optimal,optimal,True
r_3248,0.0,0.0,optimal,optimal,True
r_3249,0.0,0.0,optimal,optimal,True
r_3250,0.0,0.0,optimal,optimal,True
r_3251,0.0,0.0,optimal,optimal,True
r_3252,0.0,9.985680606965532,optimal,optimal,False
r_3253,0.0,9.985680606680303,optimal,optimal,False
r_3254,0.0,9.985680606549671,optimal,optimal,False
r_3255,0.0,9.985680606636231,optimal,optimal,False
r_3256,0.0,9.985680606394732,optimal,optimal,False
r_3257,0.0,9.985680606253501,optimal,optimal,False
r_3258,0.0,9.985680606715958,optimal,optimal,False
r_3259,0.0,9.985680606433418,optimal,optimal,False
r_3260,0.0,9.9856806064767,optimal,optimal,False
r_3261,0.0,9.985680606471902,optimal,optimal,False
r_3262,0.0,9.985680606339134,optimal,optimal,False
r_3263,0.0,9.985680606455647,optimal,optimal,False
r_3264,0.0,9.985680606525507,optimal,optimal,False
r_3265,0.0,9.985680606332254,optimal,optimal,False
r_3266,0.0,9.98568060635712,optimal,optimal,False
r_3267,0.0,9.985680606813919,optimal,optimal,False
r_3268,0.0,9.985680606702516,optimal,optimal,False
r_3269,0.0,9.985680606728948,optimal,optimal,False
r_3270,0.0,9.985680606722525,optimal,optimal,False
r_3271,0.0,9.98568060647803,optimal,optimal,False
r_3272,0.0,9.985680606549725,optimal,optimal,False
r_3273,0.0,9.98568060668383,optimal,optimal,False
r_3274,0.0,9.985680606528327,optimal,optimal,False
r_3275,0.0,9.98568060672415,optimal,optimal,False
r_3276,0.0,9.985680607021868,optimal,optimal,False
r_3277,0.0,9.985680606831915,optimal,optimal,False
r_3278,0.0,9.985680606810963,optimal,optimal,False
r_3279,0.0,9.985680606951043,optimal,optimal,False
r_3280,0.0,9.98568060676488,optimal,optimal,False
r_3281,0.0,9.985680606701354,optimal,optimal,False
r_3282,0.0,9.985680606944953,optimal,optimal,False
r_3283,0.0,9.98568060676031,optimal,optimal,False
r_3284,0.0,9.985680606739004,optimal,optimal,False
r_3285,0.0,9.985680607275388,optimal,optimal,False
r_3286,0.0,9.985680607213943,optimal,optimal,False
r_3287,0.0,9.9856806066564,optimal,optimal,False
r_3288,0.0,9.985680606916498,optimal,optimal,False
r_3289,0.0,9.985680606858581,optimal,optimal,False
r_3290,0.0,9.985680606548769,optimal,optimal,False
r_3291,0.0,9.985680606544301,optimal,optimal,False
r_3292,0.0,9.985680606290254,optimal,optimal,False
r_3293,0.0,9.985680606690005,optimal,optimal,False
r_3294,0.0,9.98568060652368,optimal,optimal,False
r_3295,0.0,9.98568060662473,optimal,optimal,False
r_3296,0.0,3.8406463872739622,optimal,optimal,False
r_3297,0.0,3.8406463874006693,optimal,optimal,False
r_3298,0.0,3.84064638741016,optimal,optimal,False
r_3299,0.0,3.840646387423858,optimal,optimal,False
r_3300,0.0,3.8406463872891106,optimal,optimal,False
r_3301,0.0,3.8406463873511676,optimal,optimal,False
r_3302,0.0,3.8406463874339143,optimal,optimal,False
r_3303,0.0,3.840646387396913,optimal,optimal,False
r_3304,0.0,0.0,optimal,optimal,True
r_3305,0.0,0.0,optimal,optimal,True
r_3306,0.0,0.0,optimal,optimal,True
r_3307,0.0,0.0,optimal,optimal,True
r_3308,0.0,3.8406463872728605,optimal,optimal,False
r_3309,0.0,3.8406463874046115,optimal,optimal,False
r_3310,0.0,3.8406463874075745,optimal,optimal,False
r_3311,0.0,3.84064638731924,optimal,optimal,False
r_3312,0.0,9.985749870468604,optimal,optimal,False
r_3313,0.0,9.985749870782415,optimal,optimal,False
r_3314,0.0,9.98574987081637,optimal,optimal,False
r_3315,0.0,9.985749870435656,optimal,optimal,False
r_3316,0.0,9.985680607411059,optimal,optimal,False
r_3317,0.0,9.985680607767536,optimal,optimal,False
r_3318,0.0,9.985680607265207,optimal,optimal,False
r_3319,0.0,9.985680607420923,optimal,optimal,False
r_3320,0.0,9.985680607265609,optimal,optimal,False
r_3321,0.0,9.985680607247515,optimal,optimal,False
r_3322,0.0,9.985680607345774,optimal,optimal,False
r_3323,0.0,9.985680607191535,optimal,optimal,False
r_3324,0.0,9.985680607297757,optimal,optimal,False
r_3325,0.0,9.98568060703448,optimal,optimal,False
r_3326,0.0,9.985680606719315,optimal,optimal,False
r_3327,0.0,9.985680607205705,optimal,optimal,False
r_3328,0.0,9.985680606364776,optimal,optimal,False
r_3329,0.0,9.985680606911847,optimal,optimal,False
r_3330,0.0,9.985680606734931,optimal,optimal,False
r_3331,0.0,9.985680606354636,optimal,optimal,False
r_4039,-16.642801011547938,2.2328765894082245,optimal,optimal,False
r_4045,0.0,16.642799746583098,optimal,optimal,False
r_4152,0.0,0.0,optimal,optimal,True
r_4153,0.0,0.0,optimal,optimal,True
r_4155,0.0,0.0,optimal,optimal,True
r_4156,0.0,0.0,optimal,optimal,True
r_4157,0.0,0.0,optimal,optimal,True
r_4158,0.0,0.0,optimal,optimal,True
r_4159,0.0,0.0,optimal,optimal,True
r_4160,0.0,0.0,optimal,optimal,True
r_4164,0.0,0.0,optimal,optimal,True
r_4165,0.0,0.0,optimal,optimal,True
r_4166,0.0,0.0,optimal,optimal,True
r_4170,0.0,0.0,optimal,optimal,True
r_4171,0.0,8.321399873281605,optimal,optimal,False
r_4175,0.0,0.0,optimal,optimal,True
r_4176,0.0,0.0,optimal,optimal,True
r_4177,0.0,0.0,optimal,optimal,True
r_4178,0.0,0.0,optimal,optimal,True
r_4179,0.0,0.0,optimal,optimal,True
r_4180,0.0,0.0,optimal,optimal,True
r_4183,0.0,0.0,optimal,optimal,True
r_4184,0.0,0.0,optimal,optimal,True
r_4185,0.0,16.642799746182558,optimal,optimal,False
r_4186,0.0,0.0,optimal,optimal,True
r_4187,0.0,0.0,optimal,optimal,True
r_4188,0.0,5.547599915613636,optimal,optimal,False
r_4189,0.0,0.0,optimal,optimal,True
r_4190,0.0,0.0,optimal,optimal,True
r_4191,0.0,0.0,optimal,optimal,True
r_4192,0.0,0.0,optimal,optimal,True
r_4196,0.0008954358269040982,0.26671569622985214,optimal,optimal,False
r_4197,0.0,0.0,optimal,optimal,True
r_4198,0.0,0.0,optimal,optimal,True
r_4202,0.0,0.5029154800197865,optimal,optimal,False
r_4203,0.0,0.0,optimal,optimal,True
r_4204,0.0,0.0,optimal,optimal,True
r_4205,0.0,5.547600099336603,optimal,optimal,False
r_4206,0.0,0.0,optimal,optimal,True
r_4208,0.0,0.0,optimal,optimal,True
r_4209,0.0,0.0,optimal,optimal,True
r_4210,0.0,0.0,optimal,optimal,True
r_4211,0.0,0.0,optimal,optimal,True
r_4212,0.0,0.0,optimal,optimal,True
r_4214,0.0,8.321400148980324,optimal,optimal,False
r_4216,-8.093799643576267e-07,16.64279960771665,optimal,optimal,False
r_4217,0.0,0.0,optimal,optimal,True
r_4218,0.0,0.0,optimal,optimal,True
r_4219,0.0,0.0,optimal,optimal,True
r_4220,0.0,0.0,optimal,optimal,True
r_4221,0.0,0.0,optimal,optimal,True
r_4222,0.0,0.0,optimal,optimal,True
r_4223,0.0,0.0,optimal,optimal,True
r_4226,-1000.0,1000.0,optimal,optimal,False
r_4227,0.0,0.0,optimal,optimal,True
r_4228,0.0,0.0,optimal,optimal,True
r_4230,0.0,0.0,optimal,optimal,True
r_4231,0.0,0.0,optimal,optimal,True
r_4232,0.0,16.64280030805268,optimal,optimal,False
r_4234,0.0,0.0,optimal,optimal,True
r_4236,-5.44477827556039,999.9999999999998,optimal,optimal,False
r_4241,0.0,0.0,optimal,optimal,True
r_4242,0.0,0.0,optimal,optimal,True
r_4243,0.0,0.0,optimal,optimal,True
r_4244,0.0,0.0,optimal,optimal,True
r_4245,0.0,0.0,optimal,optimal,True
r_4247,0.0,0.0,optimal,optimal,True
r_4248,0.0,0.0,optimal,optimal,True
r_4249,0.0,2.759776930282772,optimal,optimal,False
r_4250,0.0,0.0,optimal,optimal,True
r_4253,0.0,0.0,optimal,optimal,True
r_4254,0.0,0.0,optimal,optimal,True
r_4255,0.0,0.0,optimal,optimal,True
r_4260,0.0,0.0,optimal,optimal,True
r_4261,0.0,0.0,optimal,optimal,True
r_4262,-1000.0,1000.0,optimal,optimal,False
r_4264,0.0,11.26276310812037,optimal,optimal,False
r_4266,0.0,9.98568018487028,optimal,optimal,False
r_4267,0.0,9.985680184727986,optimal,optimal,False
r_4268,0.0,9.98568018427138,optimal,optimal,False
r_4269,0.0,0.0,optimal,optimal,True
r_4270,0.0,0.0,optimal,optimal,True
r_4271,0.0,0.0,optimal,optimal,True
r_4272,0.0,0.0,optimal,optimal,True
r_4273,0.0,0.0,optimal,optimal,True
r_4274,0.0,1.7408514257808803,optimal,optimal,False
r_4279,0.0,0.0,optimal,optimal,True
r_4282,0.0,0.0,optimal,optimal,True
r_4283,0.0,0.0,optimal,optimal,True
r_4284,0.0,0.0,optimal,optimal,True
r_4285,0.0,0.0,optimal,optimal,True
r_4286,0.0,0.0,optimal,optimal,True
r_4287,0.0,0.0,optimal,optimal,True
r_4288,0.0,0.0,optimal,optimal,True
r_4291,0.0,0.0,optimal,optimal,True
r_4292,-11.164383581772189,2.0290338031811836e-15,optimal,optimal,False
r_4293,0.0,11.164383581367478,optimal,optimal,False
r_4294,0.0,0.0,optimal,optimal,True
r_4295,0.0,0.0,optimal,optimal,True
r_4296,0.0,0.0,optimal,optimal,True
r_4297,0.0,0.0,optimal,optimal,True
r_4298,0.0,0.0,optimal,optimal,True
r_4299,0.0,0.0,optimal,optimal,True
r_4300,0.0,0.0,optimal,optimal,True
r_4301,0.0,0.0,optimal,optimal,True
r_4302,0.0,0.0,optimal,optimal,True
r_4303,0.0,0.0,optimal,optimal,True
r_4304,0.0,0.0,optimal,optimal,True
r_4305,0.0,0.0,optimal,optimal,True
r_4306,0.0,0.0,optimal,optimal,True
r_4307,0.0,0.0,optimal,optimal,True
r_4309,0.0,0.0,optimal,optimal,True
r_4310,0.0,0.0,optimal,optimal,True
r_4311,0.0,0.0,optimal,optimal,True
r_4312,0.0,0.0,optimal,optimal,True
r_4313,0.0,0.0,optimal,optimal,True
r_4314,0.0,0.0,optimal,optimal,True
r_4315,0.0,0.0,optimal,optimal,True
r_4316,0.0,0.0,optimal,optimal,True
r_4317,0.0,0.0,optimal,optimal,True
r_4318,0.0,0.0,optimal,optimal,True
r_4319,0.0,0.0,optimal,optimal,True
r_4320,0.0,0.0,optimal,optimal,True
r_4321,0.0,0.0,optimal,optimal,True
r_4322,0.0,0.0,optimal,optimal,True
r_4326,0.0,0.0,optimal,optimal,True
r_4328,0.0,0.0,optimal,optimal,True
r_4330,-9.990378664962238,8.13622410541907e-15,optimal,optimal,False
r_4331,0.0,0.0,optimal,optimal,True
r_4333,-513.1575450010141,8.32140050073133,optimal,optimal,False
r_4335,0.0,16.64280100123027,optimal,optimal,False
r_4336,0.0,0.0,optimal,optimal,True
r_4338,0.0,0.0,optimal,optimal,True
r_4372,0.0,0.0,optimal,optimal,True
r_4388,0.0,0.0,optimal,optimal,True
r_4400,0.0,0.0,optimal,optimal,True
r_4403,0.0,0.0,optimal,optimal,True
r_4412,0.0,0.0,optimal,optimal,True
r_4420,0.0,0.0,optimal,optimal,True
r_4435,0.0,0.0,optimal,optimal,True
r_4484,-1.7408514853754495,6.678449506165129e-17,optimal,optimal,False
r_4570,-1.9842864749796982,1.4238160973134295e-12,optimal,optimal,False
r_4584,0.0,9.985680600597268,optimal,optimal,False
r_4629,0.0,0.25482190002853006,optimal,optimal,False
r_4630,0.0,0.2339135794698704,optimal,optimal,False
r_4631,0.0,0.2915830307834064,optimal,optimal,False
r_4632,0.0,0.0,optimal,optimal,True
r_4633,0.0,0.2128634542680191,optimal,optimal,False
r_4649,0.0,4.377903912832242,optimal,optimal,False
r_4651,0.0,2.173315039228289,optimal,optimal,False
r_4652,0.0,1.1136877230185804,optimal,optimal,False
r_4653,0.0,0.0,optimal,optimal,True
r_4654,0.0,1.067415654071789,optimal,optimal,False
r_4660,0.0,0.437596601407856,optimal,optimal,False
r_4661,0.0,0.4235552383831793,optimal,optimal,False
r_4662,0.0,0.0,optimal,optimal,True
r_4663,0.0,0.4200068046976045,optimal,optimal,False
r_4669,0.0,0.5291347315105777,optimal,optimal,False
r_4670,0.0,0.508661903856166,optimal,optimal,False
r_4671,0.0,0.0,optimal,optimal,True
r_4672,0.0,0.5035322987218128,optimal,optimal,False
r_4678,-0.9352693509454774,2.1733150392241596,optimal,optimal,False
r_4679,-0.9352693508773058,2.173315039206569,optimal,optimal,False
r_4680,0.0,0.6491572888401997,optimal,optimal,False
r_4687,0.0,0.4148700483952875,optimal,optimal,False
r_4690,0.0,0.36940644651008636,optimal,optimal,False
r_4693,0.0,0.7377782510701063,optimal,optimal,False
r_4701,0.0,2.759777014243671,optimal,optimal,False
r_4703,0.0,1.5155425142919268,optimal,optimal,False
r_4711,0.0,0.8523696224545958,optimal,optimal,False
r_4712,0.0,0.8671738745953272,optimal,optimal,False
r_4713,0.0,0.0,optimal,optimal,True
r_4714,0.0,0.0,optimal,optimal,True
r_4715,0.0,0.0,optimal,optimal,True
r_4716,0.0,0.9303653416137572,optimal,optimal,False
r_4717,0.0,0.0,optimal,optimal,True
r_4718,0.0,0.6202435610800137,optimal,optimal,False
r_4719,0.0,0.5415920890566877,optimal,optimal,False
r_4720,0.0,0.6202435611080672,optimal,optimal,False
r_4721,0.0,0.5415920864808724,optimal,optimal,False
r_4723,0.0,500.00000000000006,optimal,optimal,False
r_4724,0.0,13.157545943253563,optimal,optimal,False
r_4725,0.0,0.0,optimal,optimal,True
r_4747,0.0,16.642801001788406,optimal,optimal,False
r_4748,0.0,0.0,optimal,optimal,True
r_4749,-1.5089222463071923,9.986360856910473,optimal,optimal,False
r_4750,0.0,0.0,optimal,optimal,True
r_4751,0.0,0.0,optimal,optimal,True
r_4752,0.0,0.0,optimal,optimal,True
r_4753,0.0,0.0,optimal,optimal,True
r_4754,0.0,0.0,optimal,optimal,True
r_4755,0.0,0.0,optimal,optimal,True
r_4756,0.0,3.4436973599995637,optimal,optimal,False
r_4757,0.0,0.0,optimal,optimal,True
r_4758,0.0,0.0,optimal,optimal,True
r_4760,0.0,11.164384099282994,optimal,optimal,False
r_4761,0.0,0.0,optimal,optimal,True
r_4762,0.0,0.0,optimal,optimal,True
r_4763,0.0,0.0,optimal,optimal,True
r_4764,0.0,0.0,optimal,optimal,True
r_4765,0.0,0.0,optimal,optimal,True
r_4766,0.0,9.985680600877217,optimal,optimal,False
r_4767,0.0,0.0,optimal,optimal,True
r_4768,0.0,0.0,optimal,optimal,True
r_4769,0.0,0.0,optimal,optimal,True
r_4770,0.0,0.0,optimal,optimal,True
r_4771,0.0,0.0,optimal,optimal,True
r_4772,0.0,0.0,optimal,optimal,True
r_4773,0.0,0.0,optimal,optimal,True
r_4774,0.0,0.0,optimal,optimal,True
r_4775,0.0,16.642801001221066,optimal,optimal,False
r_4776,0.0,0.0,optimal,optimal,True
r_4777,0.0,0.0,optimal,optimal,True
r_4778,0.0,0.0,optimal,optimal,True
r_4781,0.0,1.5255332872223588e-08,optimal,optimal,True
r_4782,-4.386887525975622e-23,1.5255332872054347e-08,optimal,optimal,True
