gene,condition,footprint,footprint_size,actual_footprint_match,WT_mu_max,mutant_mu_max,growth_status,growth_finite,growth_mass_balance_residual,growth_bound_residual,growth_solver_message,GR,status_0.1,Pmin_0.1,Pmax_0.1,PCR_0.1,status_0.5,Pmin_0.5,Pmax_0.5,PCR_0.5,status_0.9,Pmin_0.9,Pmax_0.9,PCR_0.9,GCP,Pmin95,Pmax95,status_95mut
YAL044C,v1_glucose_reference,r_0501;r_0504;r_0506;r_0507;r_0508;r_0509;r_1030,7,True,0.08093802601848507,0.08093802601840153,optimal,True,9.712563465749875e-08,9.712563465749877e-08,Optimization terminated successfully. (HiGHS Status 7: Optimal),0.9999999999989678,optimal,0.0,0.06725532100624616,1.0000000000018432,optimal,0.0,0.045163833410065406,1.0000001736223896,optimal,0.0,0.009032768200044557,0.9999999999918316,0.0,0.0,0.004516385048308612,optimal
YAL054C,v1_glucose_reference,r_0113,1,True,0.08093802601848507,0.08093802601840926,optimal,True,9.712563465750803e-08,9.712563465750804e-08,Optimization terminated successfully. (HiGHS Status 7: Optimal),0.9999999999990633,optimal,0.0,0.06725531999201834,0.9999999849215818,optimal,0.0,0.045163832698974,1.000000157877678,optimal,0.0,0.009032766492220857,0.999999810922029,0.0,0.0,0.004516383245720607,optimal
YAL060W,v1_glucose_reference,r_0003,1,True,0.08093802601848507,0.08093802601837483,optimal,True,9.712563465746671e-08,9.712563465746672e-08,Optimization terminated successfully. (HiGHS Status 7: Optimal),0.9999999999986379,optimal,0.0,0.06725532100633433,1.0000000000031541,optimal,0.0,0.04516383341023183,1.0000001736260746,optimal,0.0,0.009032768200566876,1.0000000000496565,0.0,0.0,0.004516370149579657,optimal
YBL015W,v1_glucose_reference,r_0111;r_4039,2,True,0.08093802601848507,0.08093802601819704,optimal,True,9.712563465725338e-08,9.712563465725338e-08,Optimization terminated successfully. (HiGHS Status 7: Optimal),0.9999999999964413,optimal,0.0,0.06725531999205898,0.9999999849221862,optimal,0.0,0.045163824935835484,0.9999999859892604,optimal,0.0,0.009032752946642212,0.9999983113176614,0.0,0.0,0.004516368947992819,optimal
YBR006W,v1_glucose_reference,r_1023,1,True,0.08093802601848507,0.08093802601840926,optimal,True,9.712563465750803e-08,9.712563465750804e-08,Optimization terminated successfully. (HiGHS Status 7: Optimal),0.9999999999990633,optimal,0.0,0.06725534636047656,1.0000003769865935,optimal,0.0,0.045163825569005514,1.0000000000086668,optimal,0.0,0.009032768200156829,1.000000000004261,0.0,0.0,0.0045163850489764205,optimal
YBR011C,v1_glucose_reference,r_0568,1,True,0.08093802601848507,0.08093802601841006,optimal,True,9.7125634657509e-08,9.712563465750901e-08,Optimization terminated successfully. (HiGHS Status 7: Optimal),0.9999999999990733,optimal,0.0,0.0672553210063614,1.0000000000035567,optimal,0.0,0.045163824936180264,0.9999999859968943,optimal,0.0,0.009032752946266376,0.9999983112760533,0.0,0.0,0.004516368947830189,optimal
YBR018C,v1_glucose_reference,r_0459;r_1071,2,True,0.08093802601848507,0.08093802601837478,optimal,True,9.712563465746667e-08,9.712563465746668e-08,Optimization terminated successfully. (HiGHS Status 7: Optimal),0.9999999999986374,optimal,0.0,0.06725532194232668,1.000000013920155,optimal,0.0,0.04516383341064189,1.000000173635154,optimal,0.0,0.009032768200315386,1.0000000000218146,0.0,0.0,0.004516370149592591,optimal
YBR035C,v1_glucose_reference,r_0953;r_0954;r_0955;r_0956,4,True,0.08093802601848507,0.08093802601827223,optimal,True,9.71256346573436e-08,9.712563465734361e-08,Optimization terminated successfully. (HiGHS Status 7: Optimal),0.9999999999973703,optimal,0.0,0.06725532100627457,1.0000000000022657,optimal,0.0,0.04516383341076255,1.0000001736378255,optimal,0.0,0.009032766492243757,0.9999998109245642,0.0,0.0,0.004516385048881431,optimal
YBR097W,v1_glucose_reference,r_2852;r_2853;r_2854;r_2855;r_2856;r_2857;r_2858;r_2859,8,True,0.08093802601848507,0.08093802601845991,optimal,True,9.712563465756883e-08,9.712563465756883e-08,Optimization terminated successfully. (HiGHS Status 7: Optimal),0.9999999999996891,optimal,0.0,0.0672553210060151,0.9999999999984076,optimal,0.0,0.04516382493639873,0.9999999860017315,optimal,0.0,0.009032752946623151,0.9999983113155512,0.0,0.0,0.004516370149861844,optimal
YBR159W,v1_glucose_reference,r_2161;r_2162;r_2163;r_2164;r_2165;r_2166;r_2167,7,True,0.08093802601848507,0.08093801366587498,optimal,True,9.712561983446639e-08,9.712561983446639e-08,Optimization terminated successfully. (HiGHS Status 7: Optimal),0.9999998473818711,optimal,0.0,0.06725532100610722,0.9999999999997774,optimal,0.0,0.04516382493653755,0.9999999860048052,optimal,0.0,0.009032766492184166,0.9999998109179671,0.0,0.0,0.004516396342255228,optimal
YBR183W,v1_glucose_reference,r_0919,1,True,0.08093802601848507,0.0809380260183748,optimal,True,9.712563465746668e-08,9.71256346574667e-08,Optimization terminated successfully. (HiGHS Status 7: Optimal),0.9999999999986375,optimal,0.0,0.06725532194226284,1.0000000139192058,optimal,0.0,0.045163832698936826,1.000000157876855,optimal,0.0,0.009032766492184305,0.9999998109179824,0.0,0.0,0.004516383245510391,optimal
YBR196C,v1_glucose_reference,r_0467,1,True,0.08093802601848507,0.08093802601845368,optimal,True,9.712563465756134e-08,9.712563465756135e-08,Optimization terminated successfully. (HiGHS Status 7: Optimal),0.9999999999996122,optimal,0.0,0.06725532194246628,1.0000000139222305,optimal,0.0,0.04465788629571894,0.9887976878281379,optimal,0.0,0.009032766492244599,0.9999998109246574,0.0,0.0,0.00451637014980332,optimal
YBR208C,v1_glucose_reference,r_0191;r_1075,2,True,0.08093802601848507,0.08093802771891975,optimal,True,9.712563669812071e-08,9.712563669812071e-08,Optimization terminated successfully. (HiGHS Status 7: Optimal),1.0000000210090951,optimal,0.0,0.06725532007012906,0.9999999860829877,optimal,0.0,0.045163825568731324,1.000000000002596,optimal,0.0,0.00903275408458162,0.9999984372966949,0.0,0.0,0.004516368347011086,optimal
YBR221C,v1_glucose_reference,r_0961,1,True,0.08093802601848507,0.07915997492504064,optimal,True,9.499197326999628e-08,9.499197326999627e-08,Optimization terminated successfully. (HiGHS Status 7: Optimal),0.9780319439340125,optimal,0.0,0.06569003404938607,0.9767261990081999,optimal,0.0,0.03576398153716161,0.7918722802351633,optimal,0.0,0.00583796338824932,0.6463094434519902,0.0,0.0,0.0036585751894063273,optimal
YBR281C,v1_glucose_reference,r_4171,1,True,0.08093802601848507,0.08093802601845192,optimal,True,9.712563465755925e-08,9.712563465755924e-08,Optimization terminated successfully. (HiGHS Status 7: Optimal),0.9999999999995903,optimal,0.0,0.06725532100640182,1.0000000000041576,optimal,0.0,0.04516383269912,1.0000001578809108,optimal,0.0,0.009032752946711211,0.9999983113253001,0.0,0.0,0.004516368947907683,optimal
YCL004W,v1_glucose_reference,r_2536;r_2537;r_2538;r_2539;r_2540;r_2541,6,True,0.08093802601848507,0.08093802771893915,optimal,True,9.712563669814399e-08,9.712563669814399e-08,Optimization terminated successfully. (HiGHS Status 7: Optimal),1.0000000210093347,optimal,0.0,0.06725532194237649,1.0000000139208955,optimal,0.0,0.045163833410305804,1.0000001736277124,optimal,0.0,0.009032766491992902,0.9999998108967927,0.0,0.0,0.004516381443197314,optimal
YCL050C,v1_glucose_reference,r_0223;r_0224;r_1026,3,True,0.08093802601848507,0.08093802601851935,optimal,True,9.712563465764015e-08,9.712563465764015e-08,Optimization terminated successfully. (HiGHS Status 7: Optimal),1.0000000000004234,optimal,0.0,0.06725534636046293,1.000000376986391,optimal,0.0,0.04516383341030818,1.000000173627765,optimal,0.0,0.009032768200136834,1.0000000000020475,0.0,0.0,0.004516385048655801,optimal
YCL064C,v1_glucose_reference,r_0689;r_0692,2,True,0.08093802601848507,0.08093802601846588,optimal,True,9.712563465757596e-08,9.712563465757599e-08,Optimization terminated successfully. (HiGHS Status 7: Optimal),0.9999999999997629,optimal,0.0,0.06725532194246968,1.000000013922281,optimal,0.0,0.045163833410334114,1.0000001736283393,optimal,0.0,0.009032754085117,0.9999984373559658,0.0,0.0,0.004516385048932016,optimal
YCR005C,v1_glucose_reference,r_0301,1,True,0.08093802601848507,0.08093802601851845,optimal,True,9.712563465763907e-08,9.712563465763907e-08,Optimization terminated successfully. (HiGHS Status 7: Optimal),1.0000000000004123,optimal,0.0,0.06725532100634128,1.0000000000032576,optimal,0.0,0.04516382556768307,0.9999999999793859,optimal,0.0,0.009032768200061622,0.9999999999937208,0.0,0.0,0.004516385048800621,optimal
YCR012W,v1_glucose_reference,r_0892,1,True,0.08093802601848507,0.07449149866040189,optimal,True,8.938980155427617e-08,8.938980155427615e-08,Optimization terminated successfully. (HiGHS Status 7: Optimal),0.9203523031731601,optimal,0.0,0.06273260484425677,0.932753035831117,optimal,0.0,0.03225466354209782,0.7141703152027208,optimal,0.0,0.0016194534845748003,0.17928650981584843,0.0,0.0,0.0036617229484093112,optimal
YCR034W,v1_glucose_reference,r_2156,1,True,0.08093802601848507,0.0809380260184092,optimal,True,9.712563465750796e-08,9.712563465750798e-08,Optimization terminated successfully. (HiGHS Status 7: Optimal),0.9999999999990626,optimal,0.0,0.06725532100620431,1.000000000001221,optimal,0.0,0.045163832698997944,1.0000001578782083,optimal,0.0,0.009032766492276894,0.9999998109282328,0.0,0.0,0.0045163689482214915,optimal
YCR036W,v1_glucose_reference,r_0332;r_0969,2,True,0.08093802601848507,0.08093802601838458,optimal,True,9.712563465747845e-08,9.712563465747844e-08,Optimization terminated successfully. (HiGHS Status 7: Optimal),0.9999999999987584,optimal,0.0,0.06725532194233787,1.0000000139203213,optimal,0.0,0.04516383341048455,1.0000001736316702,optimal,0.0,0.009032754084728645,0.9999984373129718,0.0,0.0,0.004516385049098452,optimal
YCR048W,v1_glucose_reference,r_0126;r_0128;r_0129;r_0130;r_0131;r_0133;r_0134;r_0135,8,True,0.08093802601848507,0.08093802601837481,optimal,True,9.712563465746672e-08,9.712563465746671e-08,Optimization terminated successfully. (HiGHS Status 7: Optimal),0.9999999999986378,optimal,0.0,0.06725532194228133,1.0000000139194807,optimal,0.0,0.04516383341044335,1.000000173630758,optimal,0.0,0.009032768200028869,0.9999999999900947,0.0,0.0,0.004516383246059544,optimal
YDL015C,v1_glucose_reference,r_2175;r_2176;r_2177;r_2178;r_2179;r_2180;r_2181,7,True,0.08093802601848507,0.08093801366587498,optimal,True,9.712561983446639e-08,9.712561983446639e-08,Optimization terminated successfully. (HiGHS Status 7: Optimal),0.9999998473818711,optimal,0.0,0.06725532100610722,0.9999999999997774,optimal,0.0,0.04516382493653755,0.9999999860048052,optimal,0.0,0.009032766492184166,0.9999998109179671,0.0,0.0,0.004516396342255228,optimal
YDL024C,v1_glucose_reference,r_2064;r_4216,2,True,0.08093802601848507,0.08093799536179337,optimal,True,2.8309125876813113e-13,0.0,Optimization terminated successfully. (HiGHS Status 7: Optimal),0.9999996212325256,optimal,0.0,0.06725532007006699,0.9999999860820648,optimal,0.0,0.04516381535500246,0.9999997738541522,optimal,0.0,0.009032735700342789,0.9999964020137757,0.0,0.0,0.004516383246027874,optimal
YDL040C,v1_glucose_reference,r_0992,1,True,0.08093802601848507,0.0809380260184363,optimal,True,9.71256346575405e-08,9.712563465754051e-08,Optimization terminated successfully. (HiGHS Status 7: Optimal),0.9999999999993975,optimal,0.0,0.06725532194249517,1.0000000139226601,optimal,0.0,0.04516383269869556,1.000000157871513,optimal,0.0,0.00903276649226167,0.9999998109265473,0.0,0.0,0.004516368947980287,optimal
YDL066W,v1_glucose_reference,r_2131,1,True,0.08093802601848507,0.08082450104246672,optimal,True,9.698940468155842e-08,9.698940468155842e-08,Optimization terminated successfully. (HiGHS Status 7: Optimal),0.998597383929373,optimal,0.0,0.0672553200701033,0.9999999860826048,optimal,0.0,0.045100395967120926,0.9985955662370365,optimal,0.0,0.008918580803076986,0.9873585378799095,0.0,0.0,0.004516383246203789,optimal
YDL078C,v1_glucose_reference,r_0715,1,True,0.08093802601848507,0.08093802601846929,optimal,True,9.71256346575801e-08,9.71256346575801e-08,Optimization terminated successfully. (HiGHS Status 7: Optimal),0.999999999999805,optimal,0.0,0.06725532194230222,1.000000013919791,optimal,0.0,0.045163832777716816,1.0000001596211712,optimal,0.0,0.009032767061780866,0.9999998739768973,0.0,0.0,0.0045163838470514165,optimal
YDL080C,v1_glucose_reference,r_0072,1,True,0.08093802601848507,0.08093802771883137,optimal,True,9.712563669801465e-08,9.712563669801465e-08,Optimization terminated successfully. (HiGHS Status 7: Optimal),1.0000000210080031,optimal,0.0,0.0672553219424028,1.0000000139212868,optimal,0.0,0.04516383341059997,1.0000001736342259,optimal,0.0,0.009032752946287373,0.9999983112783778,0.0,0.0,0.004516368347085837,optimal
YDL100C,v1_glucose_reference,r_0348,1,True,0.08093802601848507,0.08093801853192671,optimal,True,9.712562567372869e-08,9.712562567372868e-08,Optimization terminated successfully. (HiGHS Status 7: Optimal),0.9999999075025828,optimal,0.0,0.06725532100626452,1.0000000000021163,optimal,0.0,0.04516382075842303,0.9999998934946057,optimal,0.0,0.009032758972377139,0.9999989784149226,0.0,0.0,0.004516368947189833,optimal
YDL166C,v1_glucose_reference,r_1729,1,True,0.08093802601848507,0.08093590051821173,optimal,True,9.712308405718077e-08,9.71230840571808e-08,Optimization terminated successfully. (HiGHS Status 7: Optimal),0.9999737391634328,optimal,0.0,0.06725532100618387,1.000000000000917,optimal,0.0,0.04516264662745514,0.9999738963397342,optimal,0.0,0.009030631563843424,0.9997634572007629,0.0,0.0,0.004516385048833021,optimal
YDL178W,v1_glucose_reference,r_0002,1,True,0.08093802601848507,0.08093802601837466,optimal,True,9.712563465746651e-08,9.712563465746653e-08,Optimization terminated successfully. (HiGHS Status 7: Optimal),0.9999999999986359,optimal,0.0,0.06725534729631365,1.0000003909012858,optimal,0.0,0.04516383341071774,1.0000001736368334,optimal,0.0,0.009032752946759889,0.9999983113306892,0.0,0.0,0.00451638504929814,optimal
YDL215C,v1_glucose_reference,r_0470,1,True,0.08093802601848507,0.08093802601830624,optimal,True,9.712563465738442e-08,9.712563465738443e-08,Optimization terminated successfully. (HiGHS Status 7: Optimal),0.9999999999977905,optimal,0.0,0.06725532194254197,1.000000013923356,optimal,0.0,0.04516383341050117,1.000000173632038,optimal,0.0,0.00903275408486548,0.9999984373281204,0.0,0.0,0.004516370149434496,optimal
YDL238C,v1_glucose_reference,r_0526,1,True,0.08093802601848507,0.0809380260183547,optimal,True,9.712563465744258e-08,9.712563465744258e-08,Optimization terminated successfully. (HiGHS Status 7: Optimal),0.9999999999983893,optimal,0.0,0.06725532100619755,1.0000000000011204,optimal,0.0,0.045163832698877096,1.0000001578755324,optimal,0.0,0.00903275294638653,0.9999983112893553,0.0,0.0,0.004516368947820909,optimal
YDR001C,v1_glucose_reference,r_0194,1,True,0.08093802601848507,0.08093802601848277,optimal,True,9.712563465759624e-08,9.712563465759625e-08,Optimization terminated successfully. (HiGHS Status 7: Optimal),0.9999999999999716,optimal,0.0,0.06725532100613298,1.0000000000001603,optimal,0.0,0.04516382493616636,0.9999999859965865,optimal,0.0,0.009032754085370442,0.9999984373840238,0.0,0.0,0.004516368947532381,optimal
YDR017C,v1_glucose_reference,r_0074;r_0083;r_0093;r_0358,4,True,0.08093802601848507,0.08093802601855125,optimal,True,9.712563465767844e-08,9.712563465767844e-08,Optimization terminated successfully. (HiGHS Status 7: Optimal),1.0000000000008178,optimal,0.0,0.06725532194228453,1.0000000139195282,optimal,0.0,0.04516382493547449,0.9999999859812674,optimal,0.0,0.00903275294657285,0.9999983113099824,0.0,0.0,0.0045163689474974,optimal
YDR019C,v1_glucose_reference,r_0501;r_0504;r_0506;r_0507;r_0508;r_0509;r_1030,7,True,0.08093802601848507,0.08093802601840153,optimal,True,9.712563465749875e-08,9.712563465749877e-08,Optimization terminated successfully. (HiGHS Status 7: Optimal),0.9999999999989678,optimal,0.0,0.06725532100624616,1.0000000000018432,optimal,0.0,0.045163833410065406,1.0000001736223896,optimal,0.0,0.009032768200044557,0.9999999999918316,0.0,0.0,0.004516385048308612,optimal
YDR050C,v1_glucose_reference,r_1054,1,True,0.08093802601848507,0.08076272347411158,optimal,True,9.691527159691011e-08,9.691527159691011e-08,Optimization terminated successfully. (HiGHS Status 7: Optimal),0.9978341139141019,optimal,0.0,0.06725532194235365,1.0000000139205558,optimal,0.0,0.04057123405947631,0.898312610782703,optimal,0.0,0.00828689892284765,0.9174262794365831,0.0,0.0,0.004226004874515308,optimal
YDR111C,v1_glucose_reference,r_4226,1,True,0.08093802601848507,0.08093802601840931,optimal,True,9.712563465750811e-08,9.712563465750811e-08,Optimization terminated successfully. (HiGHS Status 7: Optimal),0.999999999999064,optimal,0.0,0.06725532100619169,1.0000000000010334,optimal,0.0,0.04516383341032448,1.000000173628126,optimal,0.0,0.00903275408513731,0.9999984373582141,0.0,0.0,0.004516385048715224,optimal
YDR148C,v1_glucose_reference,r_0831;r_0832,2,True,0.08093802601848507,0.08093800969807419,optimal,True,9.712561507310527e-08,0.0,Optimization terminated successfully. (HiGHS Status 7: Optimal),0.9999997983591683,optimal,0.0,0.0672553200701974,0.9999999860840038,optimal,0.0,0.04516383182921255,1.0000001386197557,optimal,0.0,0.009032765353675101,0.999999684875868,0.0,0.0,0.004516399347214522,optimal
YDR208W,v1_glucose_reference,r_2860;r_2861;r_2862;r_2863;r_2864;r_2865;r_2866;r_2867;r_2868;r_2869;r_2870;r_2871;r_2872;r_2873;r_2874;r_2875,16,True,0.08093802601848507,0.0809380260184093,optimal,True,9.712563465750808e-08,9.71256346575081e-08,Optimization terminated successfully. (HiGHS Status 7: Optimal),0.9999999999990639,optimal,0.0,0.06725532194246267,1.000000013922177,optimal,0.0,0.04516382556871853,1.0000000000023126,optimal,0.0,0.009032768200010727,0.9999999999880863,0.0,0.0,0.004516385048598348,optimal
YDR236C,v1_glucose_reference,r_0965;r_0966,2,True,0.08093802601848507,0.0809380260184638,optimal,True,9.712563465757349e-08,9.712563465757349e-08,Optimization terminated successfully. (HiGHS Status 7: Optimal),0.9999999999997371,optimal,0.0,0.06725532194234513,1.0000000139204293,optimal,0.0,0.045163832698774026,1.0000001578732505,optimal,0.0,0.009032766492026589,0.999999810900522,0.0,0.0,0.004516383245512547,optimal
YDR248C,v1_glucose_reference,r_4232,1,True,0.08093802601848507,0.08093802601848507,optimal,True,9.712563465759902e-08,9.712563465759902e-08,Optimization terminated successfully. (HiGHS Status 7: Optimal),1.0,optimal,0.0,0.06725532100612219,1.0,optimal,0.0,0.045163825568614084,1.0,optimal,0.0,0.00903276820011834,1.0,0.0,0.0,0.004516370149507998,optimal
YDR256C,v1_glucose_reference,r_0256,1,True,0.08093802601848507,0.08093802601840926,optimal,True,9.712563465750804e-08,9.712563465750804e-08,Optimization terminated successfully. (HiGHS Status 7: Optimal),0.9999999999990633,optimal,0.0,0.0672553210061987,1.0000000000011375,optimal,0.0,0.04516383341078303,1.000000173638279,optimal,0.0,0.00903275294637369,0.9999983112879338,0.0,0.0,0.004516368947674748,optimal
YDR272W,v1_glucose_reference,r_0553,1,True,0.08093802601848507,0.08093802601848507,optimal,True,9.712563465759902e-08,9.712563465759902e-08,Optimization terminated successfully. (HiGHS Status 7: Optimal),1.0,optimal,0.0,0.06725532100612219,1.0,optimal,0.0,0.045163825568614084,1.0,optimal,0.0,0.00903276820011834,1.0,0.0,0.0,0.004516370149507998,optimal
YDR284C,v1_glucose_reference,r_2352;r_2353;r_2354;r_2355;r_2356;r_2357;r_2358;r_2359;r_3224;r_3225;r_3226;r_3227;r_3228;r_3229;r_3230;r_3231;r_3244;r_3245;r_3246;r_3247,20,True,0.08093802601848507,0.08093802601848507,optimal,True,9.712563465759902e-08,9.712563465759902e-08,Optimization terminated successfully. (HiGHS Status 7: Optimal),1.0,optimal,0.0,0.06725532100612219,1.0,optimal,0.0,0.045163825568614084,1.0,optimal,0.0,0.00903276820011834,1.0,0.0,0.0,0.004516370149507998,optimal
YDR300C,v1_glucose_reference,r_0468,1,True,0.08093802601848507,0.08093802601837481,optimal,True,9.712563465746671e-08,9.712563465746671e-08,Optimization terminated successfully. (HiGHS Status 7: Optimal),0.9999999999986378,optimal,0.0,0.06725532194239868,1.0000000139212255,optimal,0.0,0.0451638326988654,1.0000001578752735,optimal,0.0,0.00903276820004793,0.999999999992205,0.0,0.0,0.004516383246575155,optimal
YDR305C,v1_glucose_reference,r_0204;r_4769,2,True,0.08093802601848507,0.08093802601848507,optimal,True,9.712563465759902e-08,9.712563465759902e-08,Optimization terminated successfully. (HiGHS Status 7: Optimal),1.0,optimal,0.0,0.06725532100612219,1.0,optimal,0.0,0.045163825568614084,1.0,optimal,0.0,0.00903276820011834,1.0,0.0,0.0,0.004516370149507998,optimal
YDR315C,v1_glucose_reference,r_0571,1,True,0.08093802601848507,0.08093802601855125,optimal,True,9.712563465767844e-08,9.712563465767844e-08,Optimization terminated successfully. (HiGHS Status 7: Optimal),1.0000000000008178,optimal,0.0,0.06725532194228453,1.0000000139195282,optimal,0.0,0.04516382493547449,0.9999999859812674,optimal,0.0,0.00903275294657285,0.9999983113099824,0.0,0.0,0.0045163689474974,optimal
YDR321W,v1_glucose_reference,r_0679,1,True,0.08093802601848507,0.08093802601829393,optimal,True,9.712563465736965e-08,9.712563465736966e-08,Optimization terminated successfully. (HiGHS Status 7: Optimal),0.9999999999976384,optimal,0.0,0.06725532194262472,1.0000000139245864,optimal,0.0,0.04516382493633375,0.9999999860002928,optimal,0.0,0.009032766492298668,0.9999998109306434,0.0,0.0,0.004516370149799251,optimal
YDR373W,v1_glucose_reference,r_2836;r_2837;r_2838;r_2839;r_2840;r_2841;r_2842;r_2843,8,True,0.08093802601848507,0.08093802601837478,optimal,True,9.712563465746667e-08,9.712563465746668e-08,Optimization terminated successfully. (HiGHS Status 7: Optimal),0.9999999999986374,optimal,0.0,0.06725532194256965,1.0000000139237677,optimal,0.0,0.04516383341015054,1.0000001736242747,optimal,0.0,0.009032768200590124,1.0000000000522302,0.0,0.0,0.0045163701495882945,optimal
YDR380W,v1_glucose_reference,r_0854,1,True,0.08093802601848507,0.08093802601874843,optimal,True,9.712563465791506e-08,9.712563465791506e-08,Optimization terminated successfully. (HiGHS Status 7: Optimal),1.0000000000032538,optimal,0.0,0.06725532100648518,1.0000000000053972,optimal,0.0,0.0451638255688455,1.000000000005124,optimal,0.0,0.009032766492223728,0.9999998109223469,0.0,0.0,0.004516370148935474,optimal
YDR399W,v1_glucose_reference,r_0527;r_0562,2,True,0.08093802601848507,0.0809380000376311,optimal,True,3.410605131648481e-13,9.712560348057316e-08,Optimization terminated successfully. (HiGHS Status 7: Optimal),0.9999996790031183,optimal,0.0,0.06725534636020193,1.0000003769825103,optimal,0.0,0.045163825568528174,0.9999999999980979,optimal,0.0,0.009032768200184862,1.0000000000073646,0.0,0.0,0.004516412594366638,optimal
YDR400W,v1_glucose_reference,r_4045;r_4756,2,True,0.08093802601848507,0.08093802601838458,optimal,True,9.712563465747845e-08,9.712563465747844e-08,Optimization terminated successfully. (HiGHS Status 7: Optimal),0.9999999999987584,optimal,0.0,0.06725532194233787,1.0000000139203213,optimal,0.0,0.04516383341048455,1.0000001736316702,optimal,0.0,0.009032754084728645,0.9999984373129718,0.0,0.0,0.004516385049098452,optimal
YDR402C,v1_glucose_reference,r_0763;r_0920,2,True,0.08093802601848507,0.08093802601835311,optimal,True,9.712563465744066e-08,9.712563465744066e-08,Optimization terminated successfully. (HiGHS Status 7: Optimal),0.9999999999983695,optimal,0.0,0.06725534729642152,1.0000003909028896,optimal,0.0,0.04516383269925857,1.000000157883979,optimal,0.0,0.009032766491979788,0.9999998108953407,0.0,0.0,0.004516385049088104,optimal
YDR403W,v1_glucose_reference,r_0695;r_0763,2,True,0.08093802601848507,0.08093802771885507,optimal,True,9.712563669804309e-08,9.712563669804309e-08,Optimization terminated successfully. (HiGHS Status 7: Optimal),1.0000000210082958,optimal,0.0,0.0672553210062642,1.0000000000021114,optimal,0.0,0.045163824936245545,0.9999999859983398,optimal,0.0,0.009032768200401678,1.0000000000313678,0.0,0.0,0.004516381442953209,optimal
YDR452W,v1_glucose_reference,r_4335,1,True,0.08093802601848507,0.08093802601847554,optimal,True,9.712563465758758e-08,9.712563465758758e-08,Optimization terminated successfully. (HiGHS Status 7: Optimal),0.9999999999998822,optimal,0.0,0.06725532100604684,0.9999999999988796,optimal,0.0,0.04516383269900616,1.0000001578783901,optimal,0.0,0.009032766491686103,0.9999998108628274,0.0,0.0,0.004516385048616227,optimal
YDR453C,v1_glucose_reference,r_0550,1,True,0.08093802601848507,0.0809380260183216,optimal,True,9.712563465740287e-08,9.712563465740287e-08,Optimization terminated successfully. (HiGHS Status 7: Optimal),0.9999999999979804,optimal,0.0,0.06725534636060104,1.0000003769884445,optimal,0.0,0.04516382556886632,1.0000000000055849,optimal,0.0,0.009032752946444327,0.9999983112957539,0.0,0.0,0.00451637014961864,optimal
YDR481C,v1_glucose_reference,r_0188;r_4768,2,True,0.08093802601848507,0.08093802601848261,optimal,True,9.712563465759605e-08,9.712563465759608e-08,Optimization terminated successfully. (HiGHS Status 7: Optimal),0.9999999999999697,optimal,0.0,0.06725532194238867,1.0000000139210767,optimal,0.0,0.04516382493656419,0.9999999860053952,optimal,0.0,0.009032766492282546,0.9999998109288585,0.0,0.0,0.004516370149695334,optimal
YDR503C,v1_glucose_reference,r_2360;r_2361;r_2362;r_2363;r_2364;r_2365;r_2366;r_2367;r_3232;r_3233;r_3234;r_3235;r_3236;r_3237;r_3238;r_3239;r_3248;r_3249;r_3250;r_3251,20,True,0.08093802601848507,0.08093802771875129,optimal,True,9.712563669791856e-08,9.712563669791856e-08,Optimization terminated successfully. (HiGHS Status 7: Optimal),1.0000000210070137,optimal,0.0,0.06725532007026733,0.9999999860850435,optimal,0.0,0.045163833410487596,1.0000001736317377,optimal,0.0,0.009032766492277047,0.9999998109282497,0.0,0.0,0.0045163671452281215,optimal
YDR530C,v1_glucose_reference,r_0222,1,True,0.08093802601848507,0.08093802601848507,optimal,True,9.712563465759902e-08,9.712563465759902e-08,Optimization terminated successfully. (HiGHS Status 7: Optimal),1.0,optimal,0.0,0.06725532100612219,1.0,optimal,0.0,0.045163825568614084,1.0,optimal,0.0,0.00903276820011834,1.0,0.0,0.0,0.004516370149507998,optimal
YEL042W,v1_glucose_reference,r_0791;r_0810,2,True,0.08093802601848507,0.08093802601837483,optimal,True,9.712563465746674e-08,9.712563465746672e-08,Optimization terminated successfully. (HiGHS Status 7: Optimal),0.9999999999986379,optimal,0.0,0.06725534542425046,1.0000003630661174,optimal,0.0,0.04516382493654733,0.9999999860050218,optimal,0.0,0.009032752946601871,0.9999983113131954,0.0,0.0,0.0045163689477663,optimal
YEL046C,v1_glucose_reference,r_0675;r_1040,2,True,0.08093802601848507,0.08093802601840917,optimal,True,9.712563465750792e-08,9.712563465750795e-08,Optimization terminated successfully. (HiGHS Status 7: Optimal),0.9999999999990623,optimal,0.0,0.06724748705702607,0.9998835192668933,optimal,0.0,0.04516383269867348,1.0000001578710243,optimal,0.0,0.009032768199416171,0.9999999999222642,0.0,0.0,0.004516383245795126,optimal
YEL047C,v1_glucose_reference,r_0454;r_0455;r_1000,3,True,0.08093802601848507,0.08093802771885426,optimal,True,9.712563669804212e-08,9.712563669804212e-08,Optimization terminated successfully. (HiGHS Status 7: Optimal),1.000000021008286,optimal,0.0,0.06725532194241034,1.0000000139213987,optimal,0.0,0.04516382556906794,1.000000000010049,optimal,0.0,0.009032766492328126,0.9999998109339046,0.0,0.0,0.004516383246475998,optimal
YER005W,v1_glucose_reference,r_0788;r_0789;r_0790;r_0792;r_0793;r_0805;r_0806,7,True,0.08093802601848507,0.08093801366585401,optimal,True,9.712561983444123e-08,9.712561983444123e-08,Optimization terminated successfully. (HiGHS Status 7: Optimal),0.9999998473816121,optimal,0.0,0.06725532007004333,0.9999999860817129,optimal,0.0,0.04516383341076545,1.0000001736378898,optimal,0.0,0.009032754085211852,0.9999984373664667,0.0,0.0,0.004516383246013342,optimal
YER010C,v1_glucose_reference,r_4184;r_4185,2,True,0.08093802601848507,0.08093802601830583,optimal,True,9.712563465738393e-08,9.712563465738393e-08,Optimization terminated successfully. (HiGHS Status 7: Optimal),0.9999999999977854,optimal,0.0,0.06725532100578369,0.9999999999949668,optimal,0.0,0.045163825568716724,1.0000000000022726,optimal,0.0,0.009032754085176667,0.9999984373625713,0.0,0.0,0.004516370150068609,optimal
YER015W,v1_glucose_reference,r_0399;r_0400;r_0402;r_0410;r_0412;r_2206;r_2207;r_2208,8,True,0.08093802601848507,0.080938012532079,optimal,True,9.712561847391116e-08,0.0,Optimization terminated successfully. (HiGHS Status 7: Optimal),0.9999998333736719,optimal,0.0,0.06725532100646249,1.0000000000050597,optimal,0.0,0.045163833410665065,1.0000001736356672,optimal,0.0,0.009032752946768155,0.9999983113316043,0.0,0.0,0.0045163975442466305,optimal
YER019W,v1_glucose_reference,r_0596;r_0597;r_0598;r_0599;r_0600;r_0601;r_0602;r_0603;r_0604;r_0605;r_0606;r_0607;r_0608;r_0609;r_0610;r_0611;r_0612;r_0613;r_0614;r_0615;r_0616;r_0617;r_0618;r_0619;r_0620;r_0621;r_0622;r_0623;r_0624;r_0625;r_0626;r_0627;r_0628;r_0629;r_0630;r_0631;r_0632;r_0633;r_0634;r_0635;r_0636;r_0637;r_0638;r_0639;r_0640;r_0641;r_0642;r_0643;r_0644;r_0645;r_0646;r_0647;r_0648;r_0649;r_0650;r_0651;r_0652;r_0653;r_0654;r_0655,60,True,0.08093802601848507,0.08093802601840946,optimal,True,9.712563465750831e-08,9.71256346575083e-08,Optimization terminated successfully. (HiGHS Status 7: Optimal),0.9999999999990659,optimal,0.0,0.06725532100622969,1.0000000000015983,optimal,0.0,0.04516382556866279,1.0000000000010785,optimal,0.0,0.00903275408511324,0.9999984373555495,0.0,0.0,0.004516370149795439,optimal
YER037W,v1_glucose_reference,r_1619;r_3240;r_3241;r_3242;r_3243,5,True,0.08093802601848507,0.08093802601845843,optimal,True,9.712563465756704e-08,9.712563465756704e-08,Optimization terminated successfully. (HiGHS Status 7: Optimal),0.9999999999996708,optimal,0.0,0.06725532194218618,1.0000000139180658,optimal,0.0,0.04516382556894398,1.0000000000073044,optimal,0.0,0.009032768200282034,1.0000000000181222,0.0,0.0,0.0045163850486225786,optimal
YER065C,v1_glucose_reference,r_0662,1,True,0.08093802601848507,0.0809380136657883,optimal,True,9.712561983436238e-08,9.712561983436238e-08,Optimization terminated successfully. (HiGHS Status 7: Optimal),0.9999998473808002,optimal,0.0,0.0672553472962605,1.0000003909004955,optimal,0.0,0.045163825568816617,1.0000000000044844,optimal,0.0,0.009032766492516192,0.999999810954725,0.0,0.0,0.0045163820443882684,optimal
YER086W,v1_glucose_reference,r_0693,1,True,0.08093802601848507,0.08093802601851624,optimal,True,9.712563465763642e-08,9.712563465763642e-08,Optimization terminated successfully. (HiGHS Status 7: Optimal),1.000000000000385,optimal,0.0,0.06725532100620775,1.000000000001272,optimal,0.0,0.04516382493606928,0.9999999859944371,optimal,0.0,0.009032752946692063,0.9999983113231803,0.0,0.0,0.0045163689473565125,optimal
YER163C,v1_glucose_reference,r_4188,1,True,0.08093802601848507,0.08093802601846381,optimal,True,9.71256346575735e-08,9.712563465757352e-08,Optimization terminated successfully. (HiGHS Status 7: Optimal),0.9999999999997373,optimal,0.0,0.06725532194234168,1.000000013920378,optimal,0.0,0.04516383341046433,1.0000001736312225,optimal,0.0,0.009032766491553518,0.9999998108481493,0.0,0.0,0.004516383245949368,optimal
YER170W,v1_glucose_reference,r_0149;r_0150,2,True,0.08093802601848507,0.08093802601837498,optimal,True,9.71256346574669e-08,9.712563465746691e-08,Optimization terminated successfully. (HiGHS Status 7: Optimal),0.9999999999986398,optimal,0.0,0.06725531905594238,0.999999971003338,optimal,0.0,0.0451638249360007,0.9999999859929185,optimal,0.0,0.009032754085438008,0.999998437391504,0.0,0.0,0.004516368947905314,optimal
YER178W,v1_glucose_reference,r_0961,1,True,0.08093802601848507,0.07915997492504064,optimal,True,9.499197326999628e-08,9.499197326999627e-08,Optimization terminated successfully. (HiGHS Status 7: Optimal),0.9780319439340125,optimal,0.0,0.06569003404938607,0.9767261990081999,optimal,0.0,0.03576398153716161,0.7918722802351633,optimal,0.0,0.00583796338824932,0.6463094434519902,0.0,0.0,0.0036585751894063273,optimal
YER183C,v1_glucose_reference,r_0084;r_1623;r_1624,3,True,0.08093802601848507,0.08093802601840153,optimal,True,9.712563465749875e-08,9.712563465749877e-08,Optimization terminated successfully. (HiGHS Status 7: Optimal),0.9999999999989678,optimal,0.0,0.06725532100624616,1.0000000000018432,optimal,0.0,0.045163833410065406,1.0000001736223896,optimal,0.0,0.009032768200044557,0.9999999999918316,0.0,0.0,0.004516385048308612,optimal
YFL018C,v1_glucose_reference,r_0501;r_0504;r_0505;r_0506;r_0507;r_0508;r_0509;r_0831;r_0832;r_0961;r_1030,11,True,0.08093802601848507,0.07915996310920702,optimal,True,9.499195909099543e-08,9.499195909099543e-08,Optimization terminated successfully. (HiGHS Status 7: Optimal),0.9780317979478278,optimal,0.0,0.06568999808231214,0.9767256642241353,optimal,0.0,0.03576398211336322,0.7918722929931972,optimal,0.0,0.005837964771808295,0.646309596623083,0.0,0.0,0.0036585869937721784,optimal
YFL030W,v1_glucose_reference,r_0156,1,True,0.08093802601848507,0.0809380260183638,optimal,True,9.712563465745352e-08,9.71256346574535e-08,Optimization terminated successfully. (HiGHS Status 7: Optimal),0.9999999999985018,optimal,0.0,0.06725532100607012,0.9999999999992258,optimal,0.0,0.045163833410495784,1.0000001736319188,optimal,0.0,0.009032768200277713,1.0000000000176439,0.0,0.0,0.004516383246107483,optimal
YFR019W,v1_glucose_reference,r_2876;r_2877;r_2878;r_2879;r_2880;r_2881;r_2882;r_2883;r_3216;r_3217;r_3218;r_3219;r_3220;r_3221;r_3222;r_3223,16,True,0.08093802601848507,0.08093802601834833,optimal,True,9.712563465743493e-08,9.712563465743493e-08,Optimization terminated successfully. (HiGHS Status 7: Optimal),0.9999999999983106,optimal,0.0,0.06725532194255857,1.0000000139236027,optimal,0.0,0.045163824936236316,0.9999999859981354,optimal,0.0,0.009032752946627101,0.9999983113159885,0.0,0.0,0.0045163832460359335,optimal
YFR021W,v1_glucose_reference,r_3216;r_3217;r_3218;r_3219;r_3220;r_3221;r_3222;r_3223,8,True,0.08093802601848507,0.08093802601837499,optimal,True,9.712563465746692e-08,9.712563465746692e-08,Optimization terminated successfully. (HiGHS Status 7: Optimal),0.99999999999864,optimal,0.0,0.06725532194242484,1.0000000139216143,optimal,0.0,0.04516382493668438,0.9999999860080563,optimal,0.0,0.009032754085098151,0.999998437353879,0.0,0.0,0.004516385048899768,optimal
YFR044C,v1_glucose_reference,r_4214,1,True,0.08093802601848507,0.08093802771884656,optimal,True,9.712563669803289e-08,9.712563669803289e-08,Optimization terminated successfully. (HiGHS Status 7: Optimal),1.0000000210081907,optimal,0.0,0.06725532100576674,0.9999999999947149,optimal,0.0,0.04516383269871818,1.000000157872014,optimal,0.0,0.009032754084983354,0.9999984373411701,0.0,0.0,0.004516368347237974,optimal
YFR055W,v1_glucose_reference,r_4701,1,True,0.08093802601848507,0.0809380260184363,optimal,True,9.71256346575405e-08,9.712563465754051e-08,Optimization terminated successfully. (HiGHS Status 7: Optimal),0.9999999999993975,optimal,0.0,0.06725532194249517,1.0000000139226601,optimal,0.0,0.04516383269869556,1.000000157871513,optimal,0.0,0.00903276649226167,0.9999998109265473,0.0,0.0,0.004516368947980287,optimal
YGL202W,v1_glucose_reference,r_0851;r_1056;r_1063,3,True,0.08093802601848507,0.08093802601837295,optimal,True,9.712563465746449e-08,9.712563465746447e-08,Optimization terminated successfully. (HiGHS Status 7: Optimal),0.9999999999986148,optimal,0.0,0.06725532194254202,1.0000000139233567,optimal,0.0,0.04516383269830396,1.0000001578628424,optimal,0.0,0.009032766492060182,0.9999998109042411,0.0,0.0,0.004516383246174221,optimal
YGL205W,v1_glucose_reference,r_0120;r_0121;r_0122;r_0123;r_0124;r_0125;r_2236;r_2237;r_2238;r_2239;r_2240;r_2241;r_2242;r_2243;r_2244;r_2245;r_2246;r_2247,18,True,0.08093802601848507,0.08093802601846929,optimal,True,9.71256346575801e-08,9.71256346575801e-08,Optimization terminated successfully. (HiGHS Status 7: Optimal),0.999999999999805,optimal,0.0,0.06725532194230222,1.000000013919791,optimal,0.0,0.045163832777712486,1.0000001596210752,optimal,0.0,0.009032767061780866,0.9999998739768973,0.0,0.0,0.0045163838470514165,optimal
YGR012W,v1_glucose_reference,r_4249,1,True,0.08093802601848507,0.0809380260184363,optimal,True,9.71256346575405e-08,9.712563465754051e-08,Optimization terminated successfully. (HiGHS Status 7: Optimal),0.9999999999993975,optimal,0.0,0.06725532194249517,1.0000000139226601,optimal,0.0,0.04516383269869556,1.000000157871513,optimal,0.0,0.00903276649226167,0.9999998109265473,0.0,0.0,0.004516368947980287,optimal
YGR015C,v1_glucose_reference,r_4649,1,True,0.08093802601848507,0.08093802601830702,optimal,True,9.712563465738537e-08,9.712563465738536e-08,Optimization terminated successfully. (HiGHS Status 7: Optimal),0.9999999999978001,optimal,0.0,0.06725532100628742,1.0000000000024567,optimal,0.0,0.045163833410387905,1.0000001736295303,optimal,0.0,0.009032768200121374,1.000000000000336,0.0,0.0,0.004516385049361168,optimal
YGR019W,v1_glucose_reference,r_0068,1,True,0.08093802601848507,0.08093802601840926,optimal,True,9.712563465750803e-08,9.712563465750804e-08,Optimization terminated successfully. (HiGHS Status 7: Optimal),0.9999999999990633,optimal,0.0,0.06725534636047656,1.0000003769865935,optimal,0.0,0.045163825569005514,1.0000000000086668,optimal,0.0,0.009032768200156829,1.000000000004261,0.0,0.0,0.0045163850489764205,optimal
YGR046W,v1_glucose_reference,r_2441;r_2442;r_2443;r_2444;r_2445,5,True,0.08093802601848507,0.0809380260183403,optimal,True,9.712563465742529e-08,9.71256346574253e-08,Optimization terminated successfully. (HiGHS Status 7: Optimal),0.9999999999982113,optimal,0.0,0.06725532194230792,1.000000013919876,optimal,0.0,0.045163832698470255,1.0000001578665243,optimal,0.0,0.009032766492141037,0.9999998109131923,0.0,0.0,0.004516385048884207,optimal
YGR088W,v1_glucose_reference,r_0255,1,True,0.08093802601848507,0.08093791836857687,optimal,True,9.712550547770462e-08,9.712550547770462e-08,Optimization terminated successfully. (HiGHS Status 7: Optimal),0.9999986699711682,optimal,0.0,0.06725533803236187,1.0000002531582546,optimal,0.0,0.04516376486612739,0.9999986559489606,optimal,0.0,0.009032658367433801,0.9999878406395353,0.0,0.0,0.0045163701506215894,optimal
YGR170W,v1_glucose_reference,r_2472;r_2473;r_2474;r_2475;r_2476;r_2477;r_2478;r_2479;r_2480;r_2481;r_2482;r_2483;r_2484;r_2485;r_2486;r_2487,16,True,0.08093802601848507,0.08093802601852211,optimal,True,9.712563465764346e-08,9.712563465764348e-08,Optimization terminated successfully. (HiGHS Status 7: Optimal),1.0000000000004576,optimal,0.0,0.0672553210064276,1.000000000004541,optimal,0.0,0.045163833410331616,1.000000173628284,optimal,0.0,0.009032768200371888,1.0000000000280698,0.0,0.0,0.004516385048705928,optimal
YGR193C,v1_glucose_reference,r_0961,1,True,0.08093802601848507,0.07915997492504064,optimal,True,9.499197326999628e-08,9.499197326999627e-08,Optimization terminated successfully. (HiGHS Status 7: Optimal),0.9780319439340125,optimal,0.0,0.06569003404938607,0.9767261990081999,optimal,0.0,0.03576398153716161,0.7918722802351633,optimal,0.0,0.00583796338824932,0.6463094434519902,0.0,0.0,0.0036585751894063273,optimal
YGR202C,v1_glucose_reference,r_0274,1,True,0.08093802601848507,0.08093801253220334,optimal,True,9.712561847406037e-08,0.0,Optimization terminated successfully. (HiGHS Status 7: Optimal),0.9999998333752083,optimal,0.0,0.06725532194245644,1.0000000139220844,optimal,0.0,0.04516382493647751,0.999999986003476,optimal,0.0,0.009032752946683506,0.9999983113222329,0.0,0.0,0.0045163975446115695,optimal
YGR208W,v1_glucose_reference,r_0917,1,True,0.08093802601848507,0.07845932854901763,optimal,True,9.41511975890297e-08,9.415119758902971e-08,Optimization terminated successfully. (HiGHS Status 7: Optimal),0.9693753654320487,optimal,0.0,0.06725532100626058,1.0000000000020577,optimal,0.0,0.043737002512631476,0.9684078344113046,optimal,0.0,0.006464471445840779,0.715668918167975,0.0,0.0,0.004516384994216064,optimal
YGR209C,v1_glucose_reference,r_0970;r_0971;r_0972;r_0973,4,True,0.08093802601848507,0.0809380277188306,optimal,True,9.712563669801373e-08,9.712563669801373e-08,Optimization terminated successfully. (HiGHS Status 7: Optimal),1.0000000210079936,optimal,0.0,0.06725532100635384,1.0000000000034444,optimal,0.0,0.04516382556901208,1.0000000000088123,optimal,0.0,0.009032768200316864,1.0000000000219782,0.0,0.0,0.004516383245427878,optimal
YGR240C,v1_glucose_reference,r_0886,1,True,0.08093802601848507,0.08036529792622767,optimal,True,9.643836092258068e-08,9.643836092258068e-08,Optimization terminated successfully. (HiGHS Status 7: Optimal),0.9929238687866369,optimal,0.0,0.05643761601792,0.8391546597894096,optimal,0.0,0.03136370940769573,0.6944431525192025,optimal,0.0,0.006092410726026577,0.6744788077199588,0.0,0.0,0.003255935707179537,optimal
YGR244C,v1_glucose_reference,r_0668;r_1022,2,True,0.08093802601848507,0.08093802601850372,optimal,True,9.712563465762139e-08,9.71256346576214e-08,Optimization terminated successfully. (HiGHS Status 7: Optimal),1.0000000000002305,optimal,0.0,0.0672553210065023,1.0000000000056517,optimal,0.0,0.04516383269893517,1.0000001578768183,optimal,0.0,0.009032768200515906,1.0000000000440137,0.0,0.0,0.004516383245978031,optimal
YGR277C,v1_glucose_reference,r_0841,1,True,0.08093802601848507,0.08093780165465521,optimal,True,9.712536542099366e-08,9.712536542099367e-08,Optimization terminated successfully. (HiGHS Status 7: Optimal),0.9999972279552529,optimal,0.0,0.06725528395023019,0.999999449026613,optimal,0.0,0.045163707502445236,0.9999973858244433,optimal,0.0,0.009032541138780322,0.9999748624858972,0.0,0.0,0.004516385049080678,optimal
YHL003C,v1_glucose_reference,r_0263;r_0264;r_0265;r_0266,4,True,0.08093802601848507,0.08093802601840676,optimal,True,9.712563465750504e-08,9.712563465750505e-08,Optimization terminated successfully. (HiGHS Status 7: Optimal),0.9999999999990324,optimal,0.0,0.06725532194234886,1.0000000139204848,optimal,0.0,0.045163824936318035,0.9999999859999449,optimal,0.0,0.009032766492232083,0.9999998109232718,0.0,0.0,0.004516368947857542,optimal
YHL032C,v1_glucose_reference,r_0488,1,True,0.08093802601848507,0.0809380260183578,optimal,True,9.712563465744629e-08,9.712563465744629e-08,Optimization terminated successfully. (HiGHS Status 7: Optimal),0.9999999999984275,optimal,0.0,0.06725532194237696,1.0000000139209024,optimal,0.0,0.04516383269899112,1.0000001578780573,optimal,0.0,0.009032752946217614,0.9999983112706551,0.0,0.0,0.004516368948107759,optimal
YHR013C,v1_glucose_reference,r_0992,1,True,0.08093802601848507,0.0809380260184363,optimal,True,9.71256346575405e-08,9.712563465754051e-08,Optimization terminated successfully. (HiGHS Status 7: Optimal),0.9999999999993975,optimal,0.0,0.06725532194249517,1.0000000139226601,optimal,0.0,0.04516383269869556,1.000000157871513,optimal,0.0,0.00903276649226167,0.9999998109265473,0.0,0.0,0.004516368947980287,optimal
YHR037W,v1_glucose_reference,r_0012;r_0672;r_0673,3,True,0.08093802601848507,0.08093802601841411,optimal,True,9.712563465751388e-08,9.712563465751388e-08,Optimization terminated successfully. (HiGHS Status 7: Optimal),0.9999999999991234,optimal,0.0,0.06725532194229271,1.0000000139196499,optimal,0.0,0.04516383341063322,1.000000173634962,optimal,0.0,0.00903276649220829,0.9999998109206378,0.0,0.0,0.004516383245831736,optimal
YHR100C,v1_glucose_reference,r_2542;r_2543;r_2544;r_2545;r_2546;r_2547,6,True,0.08093802601848507,0.08093802771893915,optimal,True,9.712563669814399e-08,9.712563669814399e-08,Optimization terminated successfully. (HiGHS Status 7: Optimal),1.0000000210093347,optimal,0.0,0.06725532194237649,1.0000000139208955,optimal,0.0,0.045163833410305804,1.0000001736277124,optimal,0.0,0.009032766491992902,0.9999998108967927,0.0,0.0,0.004516381443197314,optimal
YHR128W,v1_glucose_reference,r_1074,1,True,0.08093802601848507,0.08093802771875105,optimal,True,9.712563669791827e-08,9.712563669791827e-08,Optimization terminated successfully. (HiGHS Status 7: Optimal),1.0000000210070108,optimal,0.0,0.06725532006993665,0.9999999860801267,optimal,0.0,0.04516382493633491,0.9999999860003185,optimal,0.0,0.00903276820011878,1.0000000000000486,0.0,0.0,0.004516367145155494,optimal
YHR137W,v1_glucose_reference,r_2117;r_2118;r_2119;r_4660,4,True,0.08093802601848507,0.0809380136657347,optimal,True,9.712561983429806e-08,9.712561983429806e-08,Optimization terminated successfully. (HiGHS Status 7: Optimal),0.9999998473801379,optimal,0.0,0.0672553210063139,1.0000000000028504,optimal,0.0,0.045163824936173394,0.9999999859967422,optimal,0.0,0.009032768200035277,0.9999999999908041,0.0,0.0,0.004516398145569015,optimal
YHR144C,v1_glucose_reference,r_0326;r_0327,2,True,0.08093802601848507,0.08093716345256419,optimal,True,9.712459957845735e-08,9.712459957845735e-08,Optimization terminated successfully. (HiGHS Status 7: Optimal),0.9999893428841384,optimal,0.0,0.06725532007000994,0.9999999860812164,optimal,0.0,0.04516335050781174,0.9999894813870092,optimal,0.0,0.009031898974855079,0.9999037697808685,0.0,0.0,0.004516396342395808,optimal
YIL009W,v1_glucose_reference,r_2209;r_2210;r_2211;r_2212,4,True,0.08093802601848507,0.08093802601827435,optimal,True,9.712563465734615e-08,9.712563465734615e-08,Optimization terminated successfully. (HiGHS Status 7: Optimal),0.9999999999973965,optimal,0.0,0.06725532194243312,1.0000000139217375,optimal,0.0,0.0451638334107156,1.000000173636786,optimal,0.0,0.009032768200224214,1.000000000011721,0.0,0.0,0.004516383246210383,optimal
YIL099W,v1_glucose_reference,r_0464,1,True,0.08093802601848507,0.08093801366570658,optimal,True,9.712561983426431e-08,9.712561983426431e-08,Optimization terminated successfully. (HiGHS Status 7: Optimal),0.9999998473797904,optimal,0.0,0.06725534636066824,1.0000003769894437,optimal,0.0,0.045163832698746104,1.000000157872632,optimal,0.0,0.009032766492376915,0.9999998109393059,0.0,0.0,0.004516396342499066,optimal
YIL124W,v1_glucose_reference,r_2324;r_2325;r_2326;r_2327;r_2328;r_2329;r_2330;r_2331,8,True,0.08093802601848507,0.08093802601837481,optimal,True,9.712563465746671e-08,9.712563465746671e-08,Optimization terminated successfully. (HiGHS Status 7: Optimal),0.9999999999986378,optimal,0.0,0.0672553200701164,0.9999999860827995,optimal,0.0,0.045163824935944945,0.999999985991684,optimal,0.0,0.009032752946659927,0.9999983113196226,0.0,0.0,0.004516383246096029,optimal
YIL125W,v1_glucose_reference,r_0831;r_0832,2,True,0.08093802601848507,0.08093800969807419,optimal,True,9.712561507310527e-08,0.0,Optimization terminated successfully. (HiGHS Status 7: Optimal),0.9999997983591683,optimal,0.0,0.0672553200701974,0.9999999860840038,optimal,0.0,0.04516383182921255,1.0000001386197557,optimal,0.0,0.009032765353675101,0.999999684875868,0.0,0.0,0.004516399347214522,optimal
YIL155C,v1_glucose_reference,r_0490,1,True,0.08093802601848507,0.0809380260183748,optimal,True,9.71256346574667e-08,9.71256346574667e-08,Optimization terminated successfully. (HiGHS Status 7: Optimal),0.9999999999986375,optimal,0.0,0.0672553219424064,1.00000001392134,optimal,0.0,0.04516383269920086,1.0000001578827011,optimal,0.0,0.009032752945588923,0.9999983112010539,0.0,0.0,0.0045163689479401845,optimal
YIL160C,v1_glucose_reference,r_0100;r_0101;r_0102;r_0105;r_0106;r_0107;r_2283;r_2284;r_2285;r_2286;r_2287;r_2288;r_2289;r_2290;r_2291;r_2292;r_2293;r_2294,18,True,0.08093802601848507,0.08093802601846929,optimal,True,9.71256346575801e-08,9.71256346575801e-08,Optimization terminated successfully. (HiGHS Status 7: Optimal),0.999999999999805,optimal,0.0,0.06725532194230222,1.000000013919791,optimal,0.0,0.045163832777716816,1.0000001596211712,optimal,0.0,0.009032767061780866,0.9999998739768973,0.0,0.0,0.0045163838470514165,optimal
YJL005W,v1_glucose_reference,r_0147;r_4766,2,True,0.08093802601848507,0.08093802601845893,optimal,True,9.712563465756764e-08,9.712563465756765e-08,Optimization terminated successfully. (HiGHS Status 7: Optimal),0.9999999999996769,optimal,0.0,0.06725532194245355,1.0000000139220413,optimal,0.0,0.04516383269886157,1.0000001578751887,optimal,0.0,0.009032766492381055,0.9999998109397643,0.0,0.0,0.004516368947516991,optimal
YJL097W,v1_glucose_reference,r_2168;r_2169;r_2170;r_2171;r_2172;r_2173;r_2174,7,True,0.08093802601848507,0.08093801366587498,optimal,True,9.712561983446639e-08,9.712561983446639e-08,Optimization terminated successfully. (HiGHS Status 7: Optimal),0.9999998473818711,optimal,0.0,0.06725532100610722,0.9999999999997774,optimal,0.0,0.04516382493653755,0.9999999860048052,optimal,0.0,0.009032766492184166,0.9999998109179671,0.0,0.0,0.004516396342255228,optimal
YJL121C,v1_glucose_reference,r_0984,1,True,0.08093802601848507,0.0805716324161322,optimal,True,9.6685962319224e-08,9.6685962319224e-08,Optimization terminated successfully. (HiGHS Status 7: Optimal),0.9954731586575982,optimal,0.0,0.05240807870466025,0.7792406298958797,optimal,0.0,0.033468964951315655,0.7410569084868313,optimal,0.0,0.008077690157933502,0.8942651885861163,0.0,0.0,0.004211201502442128,optimal
YJL196C,v1_glucose_reference,r_2154;r_2155,2,True,0.08093802601848507,0.0809380260183748,optimal,True,9.712563465746668e-08,9.71256346574667e-08,Optimization terminated successfully. (HiGHS Status 7: Optimal),0.9999999999986375,optimal,0.0,0.06725534636031617,1.0000003769842087,optimal,0.0,0.04516383269900192,1.0000001578782962,optimal,0.0,0.009032766491987657,0.9999998108962119,0.0,0.0,0.004516383246354012,optimal
YJL200C,v1_glucose_reference,r_4262,1,True,0.08093802601848507,0.08093802601832455,optimal,True,9.71256346574064e-08,9.71256346574064e-08,Optimization terminated successfully. (HiGHS Status 7: Optimal),0.9999999999980167,optimal,0.0,0.06725532100630598,1.0000000000027327,optimal,0.0,0.04516382493617621,0.9999999859968046,optimal,0.0,0.009032752946551042,0.9999983113075681,0.0,0.0,0.004516368947757525,optimal
YJR019C,v1_glucose_reference,r_0844;r_0845;r_0847;r_0848;r_0849;r_0850;r_2232;r_2233;r_2234;r_2235,10,True,0.08093802601848507,0.08093802771890238,optimal,True,9.712563669809987e-08,9.712563669809987e-08,Optimization terminated successfully. (HiGHS Status 7: Optimal),1.0000000210088804,optimal,0.0,0.06725532194246073,1.000000013922148,optimal,0.0,0.04516382493615287,0.9999999859962878,optimal,0.0,0.009032766492207472,0.9999998109205472,0.0,0.0,0.004516368346678,optimal
YJR051W,v1_glucose_reference,r_4264,1,True,0.08093802601848507,0.08093802601840927,optimal,True,9.712563465750806e-08,9.712563465750806e-08,Optimization terminated successfully. (HiGHS Status 7: Optimal),0.9999999999990635,optimal,0.0,0.0672553219424256,1.0000000139216259,optimal,0.0,0.04516383269881018,1.0000001578740507,optimal,0.0,0.009032766491896466,0.9999998108861163,0.0,0.0,0.004516385049237415,optimal
YJR057W,v1_glucose_reference,r_0363,1,True,0.08093802601848507,0.08093802601837498,optimal,True,9.712563465746691e-08,9.712563465746691e-08,Optimization terminated successfully. (HiGHS Status 7: Optimal),0.9999999999986398,optimal,0.0,0.06725532100618603,1.0000000000009492,optimal,0.0,0.04516382493649035,0.9999999860037602,optimal,0.0,0.009032768200149094,1.0000000000034046,0.0,0.0,0.004516368947897843,optimal
YJR069C,v1_glucose_reference,r_0807;r_4266;r_4267;r_4268;r_4269,5,True,0.08093802601848507,0.08093802601841046,optimal,True,9.71256346575095e-08,9.71256346575095e-08,Optimization terminated successfully. (HiGHS Status 7: Optimal),0.9999999999990782,optimal,0.0,0.06725532194230806,1.000000013919878,optimal,0.0,0.045163832698762924,1.0000001578730044,optimal,0.0,0.00903275294685343,0.999998311341045,0.0,0.0,0.004516385048831235,optimal
YJR105W,v1_glucose_reference,r_0142,1,True,0.08093802601848507,0.08090488227836116,optimal,True,9.708586216804356e-08,9.708586216804354e-08,Optimization terminated successfully. (HiGHS Status 7: Optimal),0.9995905047138617,optimal,0.0,0.06725532007022077,0.9999999860843513,optimal,0.0,0.04514532361598116,0.9995903369034845,optimal,0.0,0.008999450569554798,0.996311470656016,0.0,0.0,0.0045163701555218285,optimal
YJR130C,v1_glucose_reference,r_0311,1,True,0.08093802601848507,0.08093802601837109,optimal,True,9.712563465746224e-08,9.712563465746225e-08,Optimization terminated successfully. (HiGHS Status 7: Optimal),0.9999999999985918,optimal,0.0,0.06725532194198353,1.0000000139150527,optimal,0.0,0.045163833410482405,1.0000001736316226,optimal,0.0,0.009032754085149319,0.9999984373595437,0.0,0.0,0.004516370149706708,optimal
YJR133W,v1_glucose_reference,r_1091,1,True,0.08093802601848507,0.08093802601838475,optimal,True,9.712563465747864e-08,9.712563465747864e-08,Optimization terminated successfully. (HiGHS Status 7: Optimal),0.9999999999987605,optimal,0.0,0.06725532194248686,1.0000000139225367,optimal,0.0,0.045163833410509155,1.000000173632215,optimal,0.0,0.009032752946753033,0.9999983113299302,0.0,0.0,0.004516368947706732,optimal
YKL008C,v1_glucose_reference,r_0263;r_0264;r_0265;r_0266,4,True,0.08093802601848507,0.08093802601840676,optimal,True,9.712563465750504e-08,9.712563465750505e-08,Optimization terminated successfully. (HiGHS Status 7: Optimal),0.9999999999990324,optimal,0.0,0.06725532194234886,1.0000000139204848,optimal,0.0,0.045163824936318035,0.9999999859999449,optimal,0.0,0.009032766492232083,0.9999998109232718,0.0,0.0,0.004516368947857542,optimal
YKL029C,v1_glucose_reference,r_0718;r_0719,2,True,0.08093802601848507,0.08042261358558311,optimal,True,9.650713971623999e-08,9.650713971623998e-08,Optimization terminated successfully. (HiGHS Status 7: Optimal),0.9936320113269844,optimal,0.0,0.0671863684362382,0.9989747640952049,optimal,0.0,0.04487438673685486,0.9935913570625344,optimal,0.0,0.008511763760545778,0.9423206233095036,0.0,0.0,0.004516383245818703,optimal
YKL060C,v1_glucose_reference,r_0322;r_0450;r_0990,3,True,0.08093802601848507,0.0803652979260693,optimal,True,9.643836092239065e-08,9.643836092239064e-08,Optimization terminated successfully. (HiGHS Status 7: Optimal),0.9929238687846803,optimal,0.0,0.05643761596304721,0.8391546589735218,optimal,0.0,0.031363703624909915,0.6944430244789902,optimal,0.0,0.00609240990381503,0.6744787166945357,0.0,0.0,0.0032559244272990714,optimal
YKL069W,v1_glucose_reference,r_4202,1,True,0.08093802601848507,0.08093802601842666,optimal,True,9.712563465752893e-08,9.712563465752893e-08,Optimization terminated successfully. (HiGHS Status 7: Optimal),0.9999999999992784,optimal,0.0,0.06725532006973958,0.9999999860771966,optimal,0.0,0.045163825569142106,1.0000000000116913,optimal,0.0,0.00903275408511646,0.999998437355906,0.0,0.0,0.004516383246534257,optimal
YKL085W,v1_glucose_reference,r_0713,1,True,0.08093802601848507,0.08093802601840926,optimal,True,9.712563465750804e-08,9.712563465750804e-08,Optimization terminated successfully. (HiGHS Status 7: Optimal),0.9999999999990633,optimal,0.0,0.06725532194253685,1.0000000139232799,optimal,0.0,0.04516382556872792,1.0000000000025204,optimal,0.0,0.0090327682004081,1.0000000000320788,0.0,0.0,0.004516385049026445,optimal
YKL094W,v1_glucose_reference,r_3308;r_3309;r_3310;r_3311,4,True,0.08093802601848507,0.08093802601856787,optimal,True,9.712563465769839e-08,9.712563465769837e-08,Optimization terminated successfully. (HiGHS Status 7: Optimal),1.000000000001023,optimal,0.0,0.06725534729659186,1.0000003909054223,optimal,0.0,0.045163832698616915,1.0000001578697717,optimal,0.0,0.009032766492188917,0.9999998109184931,0.0,0.0,0.004516368947745146,optimal
YKL141W,v1_glucose_reference,r_1021,1,True,0.08093802601848507,0.08045222662393846,optimal,True,9.654267536352332e-08,9.654267536352332e-08,Optimization terminated successfully. (HiGHS Status 7: Optimal),0.9939978843265135,optimal,0.0,0.06722394230775254,0.9995334391703105,optimal,0.0,0.04489111799460259,0.9939618141160963,optimal,0.0,0.008541865197229364,0.945653094155284,0.0,0.0,0.004516369033933425,optimal
YKL184W,v1_glucose_reference,r_0817,1,True,0.08093802601848507,0.08093802601840927,optimal,True,9.712563465750806e-08,9.712563465750806e-08,Optimization terminated successfully. (HiGHS Status 7: Optimal),0.9999999999990635,optimal,0.0,0.06725532194234778,1.0000000139204686,optimal,0.0,0.045163825568846364,1.000000000005143,optimal,0.0,0.00903276820022248,1.000000000011529,0.0,0.0,0.004516368947731185,optimal
YKL212W,v1_glucose_reference,r_0993;r_3128;r_3129;r_3130;r_3131;r_3132;r_3133;r_3134;r_3135;r_3136;r_3137;r_3138;r_3139;r_3140;r_3141;r_3142;r_3143;r_3160;r_3161;r_3162;r_3163;r_3164;r_3165;r_3166;r_3167;r_3168;r_3169;r_3170;r_3171;r_3172;r_3173;r_3174;r_3175,33,True,0.08093802601848507,0.08093801366693786,optimal,True,9.712561983574184e-08,9.712561983574184e-08,Optimization terminated successfully. (HiGHS Status 7: Optimal),0.999999847395003,optimal,0.0,0.06725532100637448,1.0000000000037512,optimal,0.0,0.045163825569056196,1.000000000009789,optimal,0.0,0.00903276820026879,1.000000000016656,0.0,0.0,0.004516398143939938,optimal
YKL215C,v1_glucose_reference,r_4205,1,True,0.08093802601848507,0.08093802601846381,optimal,True,9.71256346575735e-08,9.712563465757352e-08,Optimization terminated successfully. (HiGHS Status 7: Optimal),0.9999999999997373,optimal,0.0,0.06725532194234168,1.000000013920378,optimal,0.0,0.04516383341046433,1.0000001736312225,optimal,0.0,0.009032766491553518,0.9999998108481493,0.0,0.0,0.004516383245949368,optimal
YKR009C,v1_glucose_reference,r_0057;r_2248;r_2249;r_2250;r_2251;r_2252;r_2253;r_2254;r_2255;r_2256;r_2257;r_2258;r_2259;r_2260;r_2261;r_2262;r_2263;r_2264;r_2265;r_2266;r_2267;r_2268;r_2269;r_2270;r_2271;r_2272;r_2273;r_2274;r_2275;r_2276;r_2277;r_2278;r_2279;r_2280;r_2281;r_2282,36,True,0.08093802601848507,0.08093802601846929,optimal,True,9.71256346575801e-08,9.71256346575801e-08,Optimization terminated successfully. (HiGHS Status 7: Optimal),0.999999999999805,optimal,0.0,0.06725532194230222,1.000000013919791,optimal,0.0,0.045163832777716816,1.0000001596211712,optimal,0.0,0.009032767061780866,0.9999998739768973,0.0,0.0,0.0045163838470514165,optimal
YKR031C,v1_glucose_reference,r_3104;r_3105;r_3106;r_3107;r_3108;r_3109;r_3110;r_3111,8,True,0.08093802601848507,0.080938026018375,optimal,True,9.712563465746695e-08,9.712563465746695e-08,Optimization terminated successfully. (HiGHS Status 7: Optimal),0.9999999999986401,optimal,0.0,0.0672553219422876,1.000000013919574,optimal,0.0,0.045163833410527945,1.000000173632631,optimal,0.0,0.009032754085187944,0.9999984373638199,0.0,0.0,0.004516383246188048,optimal
YKR043C,v1_glucose_reference,r_2126,1,True,0.08093802601848507,0.08093802771882605,optimal,True,9.712563669800827e-08,9.712563669800827e-08,Optimization terminated successfully. (HiGHS Status 7: Optimal),1.0000000210079374,optimal,0.0,0.06725532100639983,1.000000000004128,optimal,0.0,0.04516382493604648,0.9999999859939322,optimal,0.0,0.009032752946684125,0.9999983113223014,0.0,0.0,0.004516367145338181,optimal
YKR080W,v1_glucose_reference,r_0731,1,True,0.08093802601848507,0.0805091041354043,optimal,True,9.661092837969652e-08,9.661092837969649e-08,Optimization terminated successfully. (HiGHS Status 7: Optimal),0.9947006134918238,optimal,0.0,0.06725532194241202,1.0000000139214238,optimal,0.0,0.04492321697904849,0.9946725374448173,optimal,0.0,0.00859965990382236,0.9520514324401343,0.0,0.0,0.004516385040050622,optimal
YKR089C,v1_glucose_reference,r_3316;r_3317;r_3318;r_3319;r_3320;r_3321;r_3322;r_3323;r_3324;r_3325;r_3326;r_3327;r_3328;r_3329;r_3330;r_3331,16,True,0.08093802601848507,0.08093802601845937,optimal,True,9.712563465756818e-08,9.712563465756818e-08,Optimization terminated successfully. (HiGHS Status 7: Optimal),0.9999999999996825,optimal,0.0,0.06725532194257712,1.0000000139238787,optimal,0.0,0.04516383269880197,1.000000157873869,optimal,0.0,0.009032766492021352,0.9999998108999423,0.0,0.0,0.004516383246034453,optimal
YKR097W,v1_glucose_reference,r_0884,1,True,0.08093802601848507,0.08093802601840926,optimal,True,9.712563465750804e-08,9.712563465750804e-08,Optimization terminated successfully. (HiGHS Status 7: Optimal),0.9999999999990633,optimal,0.0,0.06725532100602201,0.9999999999985104,optimal,0.0,0.04516383269858117,1.0000001578689803,optimal,0.0,0.0090327540852066,0.9999984373658851,0.0,0.0,0.004516370149869699,optimal
YLL012W,v1_glucose_reference,r_3254;r_3255;r_3256;r_3257;r_3258;r_3259;r_3260;r_3261,8,True,0.08093802601848507,0.0809380260183308,optimal,True,9.712563465741389e-08,9.71256346574139e-08,Optimization terminated successfully. (HiGHS Status 7: Optimal),0.9999999999980941,optimal,0.0,0.06725532100640466,1.0000000000042,optimal,0.0,0.045163832698665196,1.0000001578708406,optimal,0.0,0.009032766491938543,0.9999998108907746,0.0,0.0,0.004516370149906299,optimal
YLL041C,v1_glucose_reference,r_1021,1,True,0.08093802601848507,0.08045222662393846,optimal,True,9.654267536352332e-08,9.654267536352332e-08,Optimization terminated successfully. (HiGHS Status 7: Optimal),0.9939978843265135,optimal,0.0,0.06722394230775254,0.9995334391703105,optimal,0.0,0.04489111799460259,0.9939618141160963,optimal,0.0,0.008541865197229364,0.945653094155284,0.0,0.0,0.004516369033933425,optimal
YLR011W,v1_glucose_reference,r_0441;r_0442,2,True,0.08093802601848507,0.08093802601849445,optimal,True,9.712563465761028e-08,9.712563465761028e-08,Optimization terminated successfully. (HiGHS Status 7: Optimal),1.000000000000116,optimal,0.0,0.06725532194256671,1.000000013923724,optimal,0.0,0.04516382556925827,1.0000000000142633,optimal,0.0,0.009032754085212522,0.9999984373665408,0.0,0.0,0.00451638504889591,optimal
YLR020C,v1_glucose_reference,r_3262;r_3263,2,True,0.08093802601848507,0.08093802601806807,optimal,True,9.712563465709862e-08,9.712563465709862e-08,Optimization terminated successfully. (HiGHS Status 7: Optimal),0.9999999999948479,optimal,0.0,0.06725532194244573,1.000000013921925,optimal,0.0,0.04516382556856376,0.9999999999988858,optimal,0.0,0.00903276819994949,0.9999999999813068,0.0,0.0,0.004516383246478311,optimal
YLR056W,v1_glucose_reference,r_0242,1,True,0.08093802601848507,0.08093802601876499,optimal,True,9.712563465793492e-08,9.712563465793492e-08,Optimization terminated successfully. (HiGHS Status 7: Optimal),1.0000000000034583,optimal,0.0,0.06725532194233168,1.0000000139202292,optimal,0.0,0.04516383269864831,1.0000001578704667,optimal,0.0,0.00903276649251122,0.9999998109541746,0.0,0.0,0.004516383245509594,optimal
YLR058C,v1_glucose_reference,r_0502,1,True,0.08093802601848507,0.0799445860989107,optimal,True,9.593350671194318e-08,9.593350671194318e-08,Optimization terminated successfully. (HiGHS Status 7: Optimal),0.9877259186016287,optimal,0.0,0.0672553219424712,1.0000000139223038,optimal,0.0,0.04460260771044416,0.9875737307213422,optimal,0.0,0.008022563221257838,0.8881621938613162,0.0,0.0,0.004516400394941865,optimal
YLR089C,v1_glucose_reference,r_0674,1,True,0.08093802601848507,0.08093802601860436,optimal,True,9.712563465774215e-08,9.712563465774217e-08,Optimization terminated successfully. (HiGHS Status 7: Optimal),1.000000000001474,optimal,0.0,0.06725532194234282,1.0000000139203948,optimal,0.0,0.045163832699489564,1.0000001578890936,optimal,0.0,0.009032766492427157,0.9999998109448681,0.0,0.0,0.004516383245336682,optimal
YLR109W,v1_glucose_reference,r_0552,1,True,0.08093802601848507,0.08093802601840926,optimal,True,9.712563465750803e-08,9.712563465750804e-08,Optimization terminated successfully. (HiGHS Status 7: Optimal),0.9999999999990633,optimal,0.0,0.06725532194218295,1.0000000139180178,optimal,0.0,0.04516382556886632,1.0000000000055849,optimal,0.0,0.00903276819985049,0.9999999999703468,0.0,0.0,0.004516370149922222,optimal
YLR133W,v1_glucose_reference,r_0273,1,True,0.08093802601848507,0.08093802601840926,optimal,True,9.712563465750806e-08,9.712563465750804e-08,Optimization terminated successfully. (HiGHS Status 7: Optimal),0.9999999999990633,optimal,0.0,0.06725532194226634,1.0000000139192577,optimal,0.0,0.04516382556867065,1.0000000000012526,optimal,0.0,0.009032754085063637,0.9999984373500581,0.0,0.0,0.0045163701496136995,optimal
YLR142W,v1_glucose_reference,r_0940,1,True,0.08093802601848507,0.08093802601841411,optimal,True,9.712563465751388e-08,9.712563465751388e-08,Optimization terminated successfully. (HiGHS Status 7: Optimal),0.9999999999991234,optimal,0.0,0.06725532194229271,1.0000000139196499,optimal,0.0,0.04516383341063322,1.000000173634962,optimal,0.0,0.00903276649220829,0.9999998109206378,0.0,0.0,0.004516383245831736,optimal
YLR174W,v1_glucose_reference,r_0659,1,True,0.08093802601848507,0.08093802601835805,optimal,True,9.712563465744659e-08,9.712563465744659e-08,Optimization terminated successfully. (HiGHS Status 7: Optimal),0.9999999999984306,optimal,0.0,0.06719967713519671,0.9991726473074092,optimal,0.0,0.045163832699547324,1.0000001578903723,optimal,0.0,0.009032754085099449,0.9999984373540227,0.0,0.0,0.004516368947484387,optimal
YLR209C,v1_glucose_reference,r_0943;r_0949;r_0950;r_0951;r_4749;r_4758,6,True,0.08093802601848507,0.08093798114554633,optimal,True,9.712558081007066e-08,9.712558081007063e-08,Optimization terminated successfully. (HiGHS Status 7: Optimal),0.9999994455889161,optimal,0.0,0.0672553219423019,1.0000000139197864,optimal,0.0,0.04516380765978091,0.9999996034695258,optimal,0.0,0.009032721421585723,0.9999948212406673,0.0,0.0,0.00451638504894159,optimal
YLR240W,v1_glucose_reference,r_2852;r_2853;r_2854;r_2855;r_2856;r_2857;r_2858;r_2859,8,True,0.08093802601848507,0.08093802601845991,optimal,True,9.712563465756883e-08,9.712563465756883e-08,Optimization terminated successfully. (HiGHS Status 7: Optimal),0.9999999999996891,optimal,0.0,0.0672553210060151,0.9999999999984076,optimal,0.0,0.04516382493639873,0.9999999860017315,optimal,0.0,0.009032752946623151,0.9999983113155512,0.0,0.0,0.004516370149861844,optimal
YLR245C,v1_glucose_reference,r_0314;r_0329,2,True,0.08093802601848507,0.08093802658524529,optimal,True,9.712563533771131e-08,1.1368683772161603e-13,Optimization terminated successfully. (HiGHS Status 7: Optimal),1.0000000070023973,optimal,0.0,0.06725532194211095,1.0000000139169474,optimal,0.0,0.045163833410398355,1.0000001736297617,optimal,0.0,0.009032752946495456,0.9999983113014144,0.0,0.0,0.004516384448518178,optimal
YLR284C,v1_glucose_reference,r_2295;r_2296;r_2297;r_2298;r_2299;r_2300,6,True,0.08093802601848507,0.08093802601840927,optimal,True,9.712563465750806e-08,9.712563465750806e-08,Optimization terminated successfully. (HiGHS Status 7: Optimal),0.9999999999990635,optimal,0.0,0.06725532194237369,1.0000000139208538,optimal,0.0,0.045163832699200074,1.0000001578826838,optimal,0.0,0.009032766492704982,0.9999998109756256,0.0,0.0,0.004516385049060247,optimal
YLR304C,v1_glucose_reference,r_0280;r_0302;r_0303;r_2305,4,True,0.08093802601848507,0.08093802601864775,optimal,True,9.712563465779423e-08,9.712563465779423e-08,Optimization terminated successfully. (HiGHS Status 7: Optimal),1.00000000000201,optimal,0.0,0.06725534729677092,1.0000003909080848,optimal,0.0,0.045163824935963076,0.9999999859920855,optimal,0.0,0.009032766492029384,0.9999998109008315,0.0,0.0,0.004516385048705933,optimal
YLR372W,v1_glucose_reference,r_2160,1,True,0.08093802601848507,0.08093802601840927,optimal,True,9.712563465750806e-08,9.712563465750806e-08,Optimization terminated successfully. (HiGHS Status 7: Optimal),0.9999999999990635,optimal,0.0,0.06725532100622923,1.0000000000015916,optimal,0.0,0.04516383269882734,1.0000001578744309,optimal,0.0,0.009032739258409594,0.999996795920353,0.0,0.0,0.004516368947715785,optimal
YLR377C,v1_glucose_reference,r_0449,1,True,0.08093802601848507,0.08093802601836006,optimal,True,9.7125634657449e-08,9.712563465744902e-08,Optimization terminated successfully. (HiGHS Status 7: Optimal),0.9999999999984555,optimal,0.0,0.0672553463604415,1.0000003769860724,optimal,0.0,0.045163825568919916,1.0000000000067717,optimal,0.0,0.009032766492134114,0.999999810912426,0.0,0.0,0.004516385049018007,optimal
YLR386W,v1_glucose_reference,r_3216;r_3217;r_3218;r_3219;r_3220;r_3221;r_3222;r_3223,8,True,0.08093802601848507,0.08093802601837499,optimal,True,9.712563465746692e-08,9.712563465746692e-08,Optimization terminated successfully. (HiGHS Status 7: Optimal),0.99999999999864,optimal,0.0,0.06725532194242484,1.0000000139216143,optimal,0.0,0.04516382493668438,0.9999999860080563,optimal,0.0,0.009032754085098151,0.999998437353879,0.0,0.0,0.004516385048899768,optimal
YLR410W,v1_glucose_reference,r_0088;r_0089,2,True,0.08093802601848507,0.08093802601855125,optimal,True,9.712563465767844e-08,9.712563465767844e-08,Optimization terminated successfully. (HiGHS Status 7: Optimal),1.0000000000008178,optimal,0.0,0.06725532194228453,1.0000000139195282,optimal,0.0,0.04516382493547449,0.9999999859812674,optimal,0.0,0.00903275294657285,0.9999983113099824,0.0,0.0,0.0045163689474974,optimal
YLR438W,v1_glucose_reference,r_0819,1,True,0.08093802601848507,0.08093802601836109,optimal,True,9.712563465745025e-08,9.712563465745025e-08,Optimization terminated successfully. (HiGHS Status 7: Optimal),0.9999999999984681,optimal,0.0,0.06724655425040534,0.9998696496338771,optimal,0.0,0.04516382556871491,1.0000000000022324,optimal,0.0,0.009032768200217608,1.0000000000109897,0.0,0.0,0.004516370149826881,optimal
YML004C,v1_glucose_reference,r_0697,1,True,0.08093802601848507,0.08093802601848507,optimal,True,9.712563465759902e-08,9.712563465759902e-08,Optimization terminated successfully. (HiGHS Status 7: Optimal),1.0,optimal,0.0,0.06725532100612219,1.0,optimal,0.0,0.045163825568614084,1.0,optimal,0.0,0.00903276820011834,1.0,0.0,0.0,0.004516370149507998,optimal
YML008C,v1_glucose_reference,r_0986,1,True,0.08093802601848507,0.08093802601840927,optimal,True,9.712563465750806e-08,9.712563465750806e-08,Optimization terminated successfully. (HiGHS Status 7: Optimal),0.9999999999990635,optimal,0.0,0.06725532194216978,1.000000013917822,optimal,0.0,0.04516382493662335,0.9999999860067049,optimal,0.0,0.009032766492213897,0.9999998109212586,0.0,0.0,0.004516385048912536,optimal
YML035C,v1_glucose_reference,r_0143,1,True,0.08093802601848507,0.08093802601840927,optimal,True,9.712563465750806e-08,9.712563465750806e-08,Optimization terminated successfully. (HiGHS Status 7: Optimal),0.9999999999990635,optimal,0.0,0.06725532194234343,1.000000013920404,optimal,0.0,0.04516383341059041,1.000000173634014,optimal,0.0,0.009032768199964649,0.9999999999829852,0.0,0.0,0.004516370150366977,optimal
YML042W,v1_glucose_reference,r_0253;r_0254,2,True,0.08093802601848507,0.08093802601842487,optimal,True,9.712563465752677e-08,9.712563465752678e-08,Optimization terminated successfully. (HiGHS Status 7: Optimal),0.9999999999992562,optimal,0.0,0.06725532194220614,1.0000000139183627,optimal,0.0,0.04516383269906432,1.000000157879678,optimal,0.0,0.009032752946484068,0.9999983113001536,0.0,0.0,0.004516368947924063,optimal
YML059C,v1_glucose_reference,r_3022;r_3023;r_3024;r_3025;r_3026;r_3027;r_3028;r_3029;r_3030;r_3031;r_3032;r_3033,12,True,0.08093802601848507,0.08093802601840926,optimal,True,9.712563465750804e-08,9.712563465750804e-08,Optimization terminated successfully. (HiGHS Status 7: Optimal),0.9999999999990633,optimal,0.0,0.06725532194238312,1.0000000139209941,optimal,0.0,0.045163832698840584,1.000000157874724,optimal,0.0,0.009032766491977137,0.9999998108950473,0.0,0.0,0.004516383245888478,optimal
YML120C,v1_glucose_reference,r_0773,1,True,0.08093802601848507,0.08093802601840948,optimal,True,9.712563465750831e-08,9.712563465750831e-08,Optimization terminated successfully. (HiGHS Status 7: Optimal),0.9999999999990661,optimal,0.0,0.06725532100626795,1.0000000000021672,optimal,0.0,0.045163824935938617,0.9999999859915439,optimal,0.0,0.00903275294658255,0.9999983113110563,0.0,0.0,0.004516370149719902,optimal
YMR008C,v1_glucose_reference,r_3034;r_3035;r_3036;r_3037;r_3038;r_3039;r_3040;r_3041;r_3042;r_3043;r_3044;r_3045,12,True,0.08093802601848507,0.0809380260183158,optimal,True,9.71256346573959e-08,9.71256346573959e-08,Optimization terminated successfully. (HiGHS Status 7: Optimal),0.9999999999979087,optimal,0.0,0.06725532100610514,0.9999999999997464,optimal,0.0,0.045163832698981415,1.0000001578778424,optimal,0.0,0.009032766492470905,0.9999998109497115,0.0,0.0,0.004516383245816632,optimal
YMR015C,v1_glucose_reference,r_0233,1,True,0.08093802601848507,0.08093802601876499,optimal,True,9.712563465793492e-08,9.712563465793492e-08,Optimization terminated successfully. (HiGHS Status 7: Optimal),1.0000000000034583,optimal,0.0,0.06725532194233168,1.0000000139202292,optimal,0.0,0.04516383269864831,1.0000001578704667,optimal,0.0,0.00903276649251122,0.9999998109541746,0.0,0.0,0.004516383245509594,optimal
YMR110C,v1_glucose_reference,r_4291;r_4292;r_4293;r_4294;r_4295;r_4296;r_4297;r_4298;r_4299;r_4300;r_4301;r_4302;r_4303;r_4304;r_4305;r_4306;r_4307,17,True,0.08093802601848507,0.0809380260183748,optimal,True,9.712563465746668e-08,9.71256346574667e-08,Optimization terminated successfully. (HiGHS Status 7: Optimal),0.9999999999986375,optimal,0.0,0.06725534542411316,1.0000003630640757,optimal,0.0,0.045163824936042166,0.9999999859938367,optimal,0.0,0.009032752946665081,0.9999983113201932,0.0,0.0,0.0045163689476593535,optimal
YMR165C,v1_glucose_reference,r_2344;r_2345;r_2346;r_2347;r_2348;r_2349;r_2350;r_2351,8,True,0.08093802601848507,0.08093802601851015,optimal,True,9.712563465762912e-08,9.712563465762912e-08,Optimization terminated successfully. (HiGHS Status 7: Optimal),1.0000000000003098,optimal,0.0,0.067255321006308,1.0000000000027627,optimal,0.0,0.04516383341051399,1.000000173632322,optimal,0.0,0.009032768200131474,1.000000000001454,0.0,0.0,0.004516383245885286,optimal
YMR189W,v1_glucose_reference,r_0501;r_0504;r_0506;r_0507;r_0508;r_0509;r_1030,7,True,0.08093802601848507,0.08093802601840153,optimal,True,9.712563465749875e-08,9.712563465749877e-08,Optimization terminated successfully. (HiGHS Status 7: Optimal),0.9999999999989678,optimal,0.0,0.06725532100624616,1.0000000000018432,optimal,0.0,0.045163833410065406,1.0000001736223896,optimal,0.0,0.009032768200044557,0.9999999999918316,0.0,0.0,0.004516385048308612,optimal
YMR202W,v1_glucose_reference,r_0243,1,True,0.08093802601848507,0.0809380260182391,optimal,True,9.712563465730387e-08,9.712563465730386e-08,Optimization terminated successfully. (HiGHS Status 7: Optimal),0.999999999996961,optimal,0.0,0.0672553210063099,1.000000000002791,optimal,0.0,0.04516383341056689,1.0000001736334934,optimal,0.0,0.009032754084809452,0.9999984373219177,0.0,0.0,0.004516385049766029,optimal
YMR205C,v1_glucose_reference,r_0886,1,True,0.08093802601848507,0.08036529792622767,optimal,True,9.643836092258068e-08,9.643836092258068e-08,Optimization terminated successfully. (HiGHS Status 7: Optimal),0.9929238687866369,optimal,0.0,0.05643761601792,0.8391546597894096,optimal,0.0,0.03136370940769573,0.6944431525192025,optimal,0.0,0.006092410726026577,0.6744788077199588,0.0,0.0,0.003255935707179537,optimal
YMR250W,v1_glucose_reference,r_0469,1,True,0.08093802601848507,0.08093801366592135,optimal,True,9.712561983452203e-08,9.712561983452203e-08,Optimization terminated successfully. (HiGHS Status 7: Optimal),0.999999847382444,optimal,0.0,0.06725532100628585,1.0000000000024334,optimal,0.0,0.04516383341032494,1.000000173628136,optimal,0.0,0.009032754085076103,0.9999984373514381,0.0,0.0,0.004516398145276485,optimal
YMR267W,v1_glucose_reference,r_0569,1,True,0.08093802601848507,0.0798169483031005,optimal,True,9.578034135155336e-08,9.578034135155336e-08,Optimization terminated successfully. (HiGHS Status 7: Optimal),0.9861489367787579,optimal,0.0,0.06725532194244054,1.000000013921848,optimal,0.0,0.043956904380248754,0.9732768167184654,optimal,0.0,0.007789451683093529,0.8623548740010264,0.0,0.0,0.004458296693790853,optimal
YMR298W,v1_glucose_reference,r_0263;r_0264;r_0265;r_0266,4,True,0.08093802601848507,0.08093802601840676,optimal,True,9.712563465750504e-08,9.712563465750505e-08,Optimization terminated successfully. (HiGHS Status 7: Optimal),0.9999999999990324,optimal,0.0,0.06725532194234886,1.0000000139204848,optimal,0.0,0.045163824936318035,0.9999999859999449,optimal,0.0,0.009032766492232083,0.9999998109232718,0.0,0.0,0.004516368947857542,optimal
YMR303C,v1_glucose_reference,r_0163,1,True,0.08093802601848507,0.08093802601837481,optimal,True,9.71256346574667e-08,9.712563465746671e-08,Optimization terminated successfully. (HiGHS Status 7: Optimal),0.9999999999986378,optimal,0.0,0.06725532100627236,1.0000000000022329,optimal,0.0,0.04516382493671034,0.999999986008631,optimal,0.0,0.009032752946241424,0.9999983112732909,0.0,0.0,0.004516368947663285,optimal
YMR313C,v1_glucose_reference,r_3296;r_3298;r_3299;r_3300;r_3301;r_3302;r_3303;r_3312;r_3313;r_3314;r_3315,11,True,0.08093802601848507,0.08093802601810428,optimal,True,9.712563465714207e-08,9.712563465714207e-08,Optimization terminated successfully. (HiGHS Status 7: Optimal),0.9999999999952952,optimal,0.0,0.06725532100639076,1.0000000000039933,optimal,0.0,0.04516382493623222,0.9999999859980448,optimal,0.0,0.009032754085133876,0.9999984373578341,0.0,0.0,0.004516370149728913,optimal
YNL009W,v1_glucose_reference,r_0661,1,True,0.08093802601848507,0.08093802601840924,optimal,True,9.712563465750803e-08,9.712563465750803e-08,Optimization terminated successfully. (HiGHS Status 7: Optimal),0.9999999999990631,optimal,0.0,0.06725532006968761,0.9999999860764238,optimal,0.0,0.04516382556893711,1.0000000000071523,optimal,0.0,0.009032754085319696,0.9999984373784059,0.0,0.0,0.004516383246024554,optimal
YNL036W,v1_glucose_reference,r_1667,1,True,0.08093802601848507,0.08093802601837498,optimal,True,9.71256346574669e-08,9.712563465746691e-08,Optimization terminated successfully. (HiGHS Status 7: Optimal),0.9999999999986398,optimal,0.0,0.06725532100607283,0.999999999999266,optimal,0.0,0.045163824936231736,0.9999999859980341,optimal,0.0,0.009032768200046514,0.9999999999920482,0.0,0.0,0.004516368947921408,optimal
YNL037C,v1_glucose_reference,r_0658,1,True,0.08093802601848507,0.08093802601824872,optimal,True,9.71256346573154e-08,9.71256346573154e-08,Optimization terminated successfully. (HiGHS Status 7: Optimal),0.9999999999970798,optimal,0.0,0.0672553463604571,1.0000003769863042,optimal,0.0,0.04516382556884449,1.0000000000051015,optimal,0.0,0.009032754085535404,0.9999984374022864,0.0,0.0,0.004516368947903936,optimal
YNL054W,v1_glucose_reference,r_3216;r_3217;r_3218;r_3219;r_3220;r_3221;r_3222;r_3223,8,True,0.08093802601848507,0.08093802601837499,optimal,True,9.712563465746692e-08,9.712563465746692e-08,Optimization terminated successfully. (HiGHS Status 7: Optimal),0.99999999999864,optimal,0.0,0.06725532194242484,1.0000000139216143,optimal,0.0,0.04516382493668438,0.9999999860080563,optimal,0.0,0.009032754085098151,0.999998437353879,0.0,0.0,0.004516385048899768,optimal
YNL071W,v1_glucose_reference,r_0961,1,True,0.08093802601848507,0.07915997492504064,optimal,True,9.499197326999628e-08,9.499197326999627e-08,Optimization terminated successfully. (HiGHS Status 7: Optimal),0.9780319439340125,optimal,0.0,0.06569003404938607,0.9767261990081999,optimal,0.0,0.03576398153716161,0.7918722802351633,optimal,0.0,0.00583796338824932,0.6463094434519902,0.0,0.0,0.0036585751894063273,optimal
YNL104C,v1_glucose_reference,r_0025,1,True,0.08093802601848507,0.08076715116992772,optimal,True,9.692058483207741e-08,9.692058483207741e-08,Optimization terminated successfully. (HiGHS Status 7: Optimal),0.9978888186806245,optimal,0.0,0.06725532100614931,1.0000000000004032,optimal,0.0,0.045068274172589864,0.9978843378562107,optimal,0.0,0.008860761571075182,0.9809574844352914,0.0,0.0,0.004516368978182611,optimal
YNL117W,v1_glucose_reference,r_0717,1,True,0.08093802601848507,0.08093801253224725,optimal,True,9.712561847411307e-08,0.0,Optimization terminated successfully. (HiGHS Status 7: Optimal),0.9999998333757507,optimal,0.0,0.06725532194233667,1.0000000139203036,optimal,0.0,0.0451638326985986,1.000000157869366,optimal,0.0,0.009032766492415394,0.9999998109435659,0.0,0.0,0.0045163844477698846,optimal
YNL141W,v1_glucose_reference,r_0138;r_0140;r_0328,3,True,0.08093802601848507,0.08093802601839913,optimal,True,9.712563465749588e-08,9.712563465749589e-08,Optimization terminated successfully. (HiGHS Status 7: Optimal),0.9999999999989382,optimal,0.0,0.06725532194233576,1.0000000139202898,optimal,0.0,0.04516382556877065,1.0000000000034668,optimal,0.0,0.00903276649166034,0.9999998108599754,0.0,0.0,0.004516370149687071,optimal
YNL169C,v1_glucose_reference,r_2464;r_2465;r_2466;r_2467;r_2468;r_2469;r_2470;r_2471,8,True,0.08093802601848507,0.08093801366578912,optimal,True,9.712561983436336e-08,9.712561983436336e-08,Optimization terminated successfully. (HiGHS Status 7: Optimal),0.9999998473808103,optimal,0.0,0.06725532194250329,1.000000013922781,optimal,0.0,0.04516382556847001,0.99999999999681,optimal,0.0,0.009032766492209665,0.9999998109207899,0.0,0.0,0.00451638204417067,optimal
YNL191W,v1_glucose_reference,r_4171,1,True,0.08093802601848507,0.08093802601845192,optimal,True,9.712563465755925e-08,9.712563465755924e-08,Optimization terminated successfully. (HiGHS Status 7: Optimal),0.9999999999995903,optimal,0.0,0.06725532100640182,1.0000000000041576,optimal,0.0,0.04516383269912,1.0000001578809108,optimal,0.0,0.009032752946711211,0.9999983113253001,0.0,0.0,0.004516368947907683,optimal
YNL202W,v1_glucose_reference,r_2303;r_2304,2,True,0.08093802601848507,0.08093802601840924,optimal,True,9.712563465750803e-08,9.712563465750803e-08,Optimization terminated successfully. (HiGHS Status 7: Optimal),0.9999999999990631,optimal,0.0,0.06725532006968761,0.9999999860764238,optimal,0.0,0.04516382556893711,1.0000000000071523,optimal,0.0,0.009032754085319696,0.9999984373784059,0.0,0.0,0.004516383246024554,optimal
YNL241C,v1_glucose_reference,r_0466,1,True,0.08093802601848507,0.0803693530933594,optimal,True,9.644322712331086e-08,9.644322712331087e-08,Optimization terminated successfully. (HiGHS Status 7: Optimal),0.992973970912068,optimal,0.0,0.05229778626519386,0.7776007233752291,optimal,0.0,0.0329175027540791,0.7288466452884943,optimal,0.0,0.007886054545583526,0.8730495868896768,0.0,0.0,0.004211204620112887,optimal
YNL267W,v1_glucose_reference,r_2836;r_2837;r_2838;r_2839;r_2840;r_2841;r_2842;r_2843;r_2844;r_2845;r_2846;r_2847;r_2848;r_2849;r_2850;r_2851,16,True,0.08093802601848507,0.08093802601835066,optimal,True,9.712563465743775e-08,9.712563465743774e-08,Optimization terminated successfully. (HiGHS Status 7: Optimal),0.9999999999983394,optimal,0.0,0.06725532100630296,1.0000000000026878,optimal,0.0,0.045163825569134945,1.0000000000115328,optimal,0.0,0.00903276820004614,0.9999999999920067,0.0,0.0,0.004516385048925202,optimal
YNL325C,v1_glucose_reference,r_3216;r_3217;r_3218;r_3219;r_3220;r_3221;r_3222;r_3223,8,True,0.08093802601848507,0.08093802601837499,optimal,True,9.712563465746692e-08,9.712563465746692e-08,Optimization terminated successfully. (HiGHS Status 7: Optimal),0.99999999999864,optimal,0.0,0.06725532194242484,1.0000000139216143,optimal,0.0,0.04516382493668438,0.9999999860080563,optimal,0.0,0.009032754085098151,0.999998437353879,0.0,0.0,0.004516385048899768,optimal
YNR008W,v1_glucose_reference,r_2884;r_2885;r_2886;r_2887;r_2888;r_2889;r_2890;r_2891;r_2892;r_2893;r_2894;r_2895;r_2896;r_2897;r_2898;r_2899;r_2900;r_2901;r_2902;r_2903;r_2904;r_2905;r_2906;r_2907;r_2908;r_2909;r_2910;r_2911;r_2912;r_2913;r_2914;r_2915;r_2916;r_2917;r_2918;r_2919;r_2920;r_2921;r_2922;r_2923;r_2924;r_2925;r_2926;r_2927;r_2928;r_2929;r_2930;r_2931;r_2932;r_2933;r_2934;r_2935;r_2936;r_2937;r_2938;r_2939;r_2940;r_2941;r_2942;r_2943;r_2944;r_2945;r_2946;r_2947;r_2948;r_2949;r_2950;r_2951;r_2952;r_2953;r_2954;r_2955;r_2956;r_2957;r_2958;r_2959;r_2960;r_2961;r_2962;r_2963;r_2964;r_2965;r_2966;r_2967;r_2968;r_2969;r_2970;r_2971;r_2972;r_2973;r_2974;r_2975;r_2976;r_2977;r_2978;r_2979;r_2980;r_2981;r_2982;r_2983;r_2984;r_2985;r_2986;r_2987;r_2988;r_2989;r_2990;r_2991;r_2992;r_2993;r_2994;r_2995;r_2996;r_2997;r_2998;r_2999;r_3000;r_3001;r_3002;r_3003;r_3004;r_3005;r_3006;r_3007;r_3008;r_3009;r_3010;r_3011,128,True,0.08093802601848507,0.08093802771882003,optimal,True,9.712563669800104e-08,9.712563669800104e-08,Optimization terminated successfully. (HiGHS Status 7: Optimal),1.000000021007863,optimal,0.0,0.0672553219422322,1.0000000139187502,optimal,0.0,0.045163825569002725,1.0000000000086051,optimal,0.0,0.009032754085345462,0.9999984373812584,0.0,0.0,0.004516381443330343,optimal
YNR012W,v1_glucose_reference,r_0315,1,True,0.08093802601848507,0.08093802601844799,optimal,True,9.712563465755452e-08,9.712563465755452e-08,Optimization terminated successfully. (HiGHS Status 7: Optimal),0.9999999999995418,optimal,0.0,0.06725532100640394,1.0000000000041893,optimal,0.0,0.045163824936002406,0.9999999859929563,optimal,0.0,0.009032752946155558,0.9999983112637849,0.0,0.0,0.004516370149624256,optimal
YNR027W,v1_glucose_reference,r_2025;r_2026,2,True,0.08093802601848507,0.08093802601836797,optimal,True,9.712563465745849e-08,9.71256346574585e-08,Optimization terminated successfully. (HiGHS Status 7: Optimal),0.9999999999985532,optimal,0.0,0.0672553219426715,1.000000013925282,optimal,0.0,0.045163833410549525,1.0000001736331088,optimal,0.0,0.009032754085250946,0.9999984373707946,0.0,0.0,0.004516370149830268,optimal
YOL011W,v1_glucose_reference,r_3070;r_3071;r_3072;r_3073;r_3074;r_3075;r_3076;r_3077;r_3078;r_3079;r_3080;r_3081,12,True,0.08093802601848507,0.0809380260184055,optimal,True,9.71256346575035e-08,9.712563465750353e-08,Optimization terminated successfully. (HiGHS Status 7: Optimal),0.9999999999990168,optimal,0.0,0.06725532100623711,1.0000000000017086,optimal,0.0,0.045163832698532996,1.0000001578679136,optimal,0.0,0.009032768200199048,1.000000000008935,0.0,0.0,0.004516368947529536,optimal
YOL059W,v1_glucose_reference,r_0492,1,True,0.08093802601848507,0.08093802601840926,optimal,True,9.712563465750804e-08,9.712563465750804e-08,Optimization terminated successfully. (HiGHS Status 7: Optimal),0.9999999999990633,optimal,0.0,0.06725532194248221,1.0000000139224674,optimal,0.0,0.045163832698813425,1.0000001578741227,optimal,0.0,0.009032766492028013,0.9999998109006797,0.0,0.0,0.004516383245680991,optimal
YOL064C,v1_glucose_reference,r_0032,1,True,0.08093802601848507,0.07895492947491319,optimal,True,9.474591872114016e-08,0.0,Optimization terminated successfully. (HiGHS Status 7: Optimal),0.9754985803197255,optimal,0.0,0.06712740791243264,0.9980980970460627,optimal,0.0,0.04402947990793894,0.9748837560504742,optimal,0.0,0.006990931468550884,0.7739522717365087,0.0,0.0,0.0045163832457936984,optimal
YOL065C,v1_glucose_reference,r_3208;r_3209;r_3210;r_3211;r_3212;r_3213;r_3214;r_3215,8,True,0.08093802601848507,0.08093802601832109,optimal,True,9.712563465740224e-08,9.712563465740224e-08,Optimization terminated successfully. (HiGHS Status 7: Optimal),0.999999999997974,optimal,0.0,0.06725532007015146,0.9999999860833207,optimal,0.0,0.045163825568822605,1.000000000004617,optimal,0.0,0.009032768199997132,0.9999999999865813,0.0,0.0,0.004516368947684213,optimal
YOL126C,v1_glucose_reference,r_0714,1,True,0.08093802601848507,0.08093802601840926,optimal,True,9.712563465750804e-08,9.712563465750804e-08,Optimization terminated successfully. (HiGHS Status 7: Optimal),0.9999999999990633,optimal,0.0,0.06725532194266343,1.000000013925162,optimal,0.0,0.04516383341019667,1.0000001736252961,optimal,0.0,0.009032766492912667,0.9999998109986179,0.0,0.0,0.0045163701491551175,optimal
YOL151W,v1_glucose_reference,r_0696,1,True,0.08093802601848507,0.0809380260184093,optimal,True,9.712563465750808e-08,9.71256346575081e-08,Optimization terminated successfully. (HiGHS Status 7: Optimal),0.9999999999990639,optimal,0.0,0.06725532194245133,1.0000000139220084,optimal,0.0,0.04516383341029925,1.0000001736275674,optimal,0.0,0.009032752946208858,0.9999983112696855,0.0,0.0,0.0045163832456007495,optimal
YOR126C,v1_glucose_reference,r_0369;r_0656;r_0657;r_4711;r_4712;r_4713;r_4714;r_4715;r_4716;r_4717;r_4720;r_4721,12,True,0.08093802601848507,0.08093802601837502,optimal,True,9.712563465746698e-08,9.712563465746696e-08,Optimization terminated successfully. (HiGHS Status 7: Optimal),0.9999999999986403,optimal,0.0,0.06725532194247376,1.0000000139223417,optimal,0.0,0.0451638249362878,0.9999999859992754,optimal,0.0,0.009032766492033092,0.999999810901242,0.0,0.0,0.004516383245844966,optimal
YOR136W,v1_glucose_reference,r_0658,1,True,0.08093802601848507,0.08093802601824872,optimal,True,9.71256346573154e-08,9.71256346573154e-08,Optimization terminated successfully. (HiGHS Status 7: Optimal),0.9999999999970798,optimal,0.0,0.0672553463604571,1.0000003769863042,optimal,0.0,0.04516382556884449,1.0000000000051015,optimal,0.0,0.009032754085535404,0.9999984374022864,0.0,0.0,0.004516368947903936,optimal
YOR142W,v1_glucose_reference,r_0668;r_1022,2,True,0.08093802601848507,0.08093802601850372,optimal,True,9.712563465762139e-08,9.71256346576214e-08,Optimization terminated successfully. (HiGHS Status 7: Optimal),1.0000000000002305,optimal,0.0,0.0672553210065023,1.0000000000056517,optimal,0.0,0.04516383269893517,1.0000001578768183,optimal,0.0,0.009032768200515906,1.0000000000440137,0.0,0.0,0.004516383245978031,optimal
YOR155C,v1_glucose_reference,r_0077,1,True,0.08093802601848507,0.08093802771947448,optimal,True,9.712563669878637e-08,9.712563669878637e-08,Optimization terminated successfully. (HiGHS Status 7: Optimal),1.0000000210159488,optimal,0.0,0.06725532100643339,1.000000000004627,optimal,0.0,0.045163824936373685,0.999999986001177,optimal,0.0,0.009032752946519928,0.9999983113041235,0.0,0.0,0.004516367144340114,optimal
YOR163W,v1_glucose_reference,r_0082;r_0357,2,True,0.08093802601848507,0.08093802601855125,optimal,True,9.712563465767844e-08,9.712563465767844e-08,Optimization terminated successfully. (HiGHS Status 7: Optimal),1.0000000000008178,optimal,0.0,0.06725532194228453,1.0000000139195282,optimal,0.0,0.04516382493547449,0.9999999859812674,optimal,0.0,0.00903275294657285,0.9999983113099824,0.0,0.0,0.0045163689474974,optimal
YOR175C,v1_glucose_reference,r_2332;r_2334;r_2336;r_2338,4,True,0.08093802601848507,0.08089504782905874,optimal,True,9.707406082846322e-08,9.707406082846321e-08,Optimization terminated successfully. (HiGHS Status 7: Optimal),0.9994689987940092,optimal,0.0,0.06725532194235401,1.0000000139205611,optimal,0.0,0.045139838619957094,0.9994688902378177,optimal,0.0,0.008989577577002982,0.995218451070759,0.0,0.0,0.004516385047580029,optimal
YOR180C,v1_glucose_reference,r_2301;r_2302,2,True,0.08093802601848507,0.08093802601840931,optimal,True,9.71256346575081e-08,9.712563465750811e-08,Optimization terminated successfully. (HiGHS Status 7: Optimal),0.999999999999064,optimal,0.0,0.0672553200701891,0.9999999860838803,optimal,0.0,0.04516382556820702,0.999999999990987,optimal,0.0,0.009032766492537696,0.9999998109571057,0.0,0.0,0.004516370149908025,optimal
YOR184W,v1_glucose_reference,r_0918,1,True,0.08093802601848507,0.07845932854901763,optimal,True,9.41511975890297e-08,9.415119758902971e-08,Optimization terminated successfully. (HiGHS Status 7: Optimal),0.9693753654320487,optimal,0.0,0.06725532100626058,1.0000000000020577,optimal,0.0,0.043737002512631476,0.9684078344113046,optimal,0.0,0.006464471445840779,0.715668918167975,0.0,0.0,0.004516384994216064,optimal
YOR245C,v1_glucose_reference,r_2400;r_2401;r_2402;r_2403;r_2404;r_2405;r_2406;r_2407;r_2408;r_2409;r_2410;r_2411;r_2412;r_2413;r_2414;r_2415;r_2416;r_2417;r_2418;r_2419;r_2420;r_2421;r_2422;r_2423;r_2424;r_2425;r_2426;r_2427;r_2428;r_2429;r_2430;r_2431,32,True,0.08093802601848507,0.0809380260183194,optimal,True,9.712563465740023e-08,9.712563465740022e-08,Optimization terminated successfully. (HiGHS Status 7: Optimal),0.9999999999979531,optimal,0.0,0.06725532194238631,1.0000000139210417,optimal,0.0,0.04516382556907696,1.0000000000102487,optimal,0.0,0.009032768200290763,1.0000000000190885,0.0,0.0,0.0045163832459755235,optimal
YOR251C,v1_glucose_reference,r_4703,1,True,0.08093802601848507,0.08093802601840927,optimal,True,9.712563465750806e-08,9.712563465750806e-08,Optimization terminated successfully. (HiGHS Status 7: Optimal),0.9999999999990635,optimal,0.0,0.0672553200700216,0.9999999860813897,optimal,0.0,0.04516383269912884,1.0000001578811064,optimal,0.0,0.00903276649233388,0.9999998109345416,0.0,0.0,0.0045163832462311706,optimal
YOR253W,v1_glucose_reference,r_0992,1,True,0.08093802601848507,0.0809380260184363,optimal,True,9.71256346575405e-08,9.712563465754051e-08,Optimization terminated successfully. (HiGHS Status 7: Optimal),0.9999999999993975,optimal,0.0,0.06725532194249517,1.0000000139226601,optimal,0.0,0.04516383269869556,1.000000157871513,optimal,0.0,0.00903276649226167,0.9999998109265473,0.0,0.0,0.004516368947980287,optimal
YOR311C,v1_glucose_reference,r_2512;r_2513;r_2514;r_2515;r_2516;r_2517;r_2518;r_2519,8,True,0.08093802601848507,0.08093802601840924,optimal,True,9.712563465750802e-08,9.712563465750803e-08,Optimization terminated successfully. (HiGHS Status 7: Optimal),0.9999999999990631,optimal,0.0,0.06725534729678906,1.0000003909083546,optimal,0.0,0.04516383269864885,1.0000001578704787,optimal,0.0,0.009032766492508643,0.9999998109538892,0.0,0.0,0.004516383245760302,optimal
YOR317W,v1_glucose_reference,r_2194;r_2200,2,True,0.08093802601848507,0.08093802771881982,optimal,True,9.712563669800079e-08,9.712563669800079e-08,Optimization terminated successfully. (HiGHS Status 7: Optimal),1.0000000210078603,optimal,0.0,0.06725532007013345,0.9999999860830528,optimal,0.0,0.04516383269861286,1.000000157869682,optimal,0.0,0.009032766491992769,0.9999998108967778,0.0,0.0,0.004516368346982628,optimal
YOR323C,v1_glucose_reference,r_0473,1,True,0.08093802601848507,0.08093802601837481,optimal,True,9.712563465746671e-08,9.712563465746671e-08,Optimization terminated successfully. (HiGHS Status 7: Optimal),0.9999999999986378,optimal,0.0,0.06725532194239868,1.0000000139212255,optimal,0.0,0.0451638326988654,1.0000001578752735,optimal,0.0,0.00903276820004793,0.999999999992205,0.0,0.0,0.004516383246575155,optimal
YOR360C,v1_glucose_reference,r_0034;r_0035;r_0036;r_0037,4,True,0.08093802601848507,0.08093801253218237,optimal,True,9.712561847403521e-08,0.0,Optimization terminated successfully. (HiGHS Status 7: Optimal),0.9999998333749491,optimal,0.0,0.06725532194194718,1.0000000139145122,optimal,0.0,0.04516383269889039,1.0000001578758269,optimal,0.0,0.009032766492213018,0.9999998109211612,0.0,0.0,0.004516384447762387,optimal
YOR374W,v1_glucose_reference,r_0174;r_0176;r_0201,3,True,0.08093802601848507,0.0809380260185127,optimal,True,9.712563465763219e-08,9.712563465763217e-08,Optimization terminated successfully. (HiGHS Status 7: Optimal),1.0000000000003413,optimal,0.0,0.06725532007010177,0.9999999860825818,optimal,0.0,0.0451638334107566,1.0000001736376938,optimal,0.0,0.009032768200152757,1.0000000000038103,0.0,0.0,0.0045163850485756525,optimal
YOR388C,v1_glucose_reference,r_0445,1,True,0.08093802601848507,0.08093802601836006,optimal,True,9.7125634657449e-08,9.712563465744902e-08,Optimization terminated successfully. (HiGHS Status 7: Optimal),0.9999999999984555,optimal,0.0,0.06725532100603202,0.9999999999986592,optimal,0.0,0.045163825568251284,0.999999999991967,optimal,0.0,0.009032766492165414,0.9999998109158911,0.0,0.0,0.004516370148892738,optimal
YPL061W,v1_glucose_reference,r_0173;r_0177,2,True,0.08093802601848507,0.08077643208925833,optimal,True,9.693172193566807e-08,9.693172193566808e-08,Optimization terminated successfully. (HiGHS Status 7: Optimal),0.9980034856645771,optimal,0.0,0.06721371270311316,0.9993813381248267,optimal,0.0,0.045073474943970064,0.9979994913294766,optimal,0.0,0.008870121821117113,0.9819937393058424,0.0,0.0,0.0045163689764730385,optimal
YPL069C,v1_glucose_reference,r_0373,1,True,0.08093802601848507,0.08093802601836254,optimal,True,9.712563465745199e-08,9.712563465745199e-08,Optimization terminated successfully. (HiGHS Status 7: Optimal),0.9999999999984862,optimal,0.0,0.0,0.0,optimal,0.0,0.0,0.0,optimal,0.0,0.0,0.0,0.0,0.0,0.0,optimal
YPL087W,v1_glucose_reference,r_0340;r_0341;r_0342;r_0343,4,True,0.08093802601848507,0.08093802601830233,optimal,True,9.712563465737974e-08,9.712563465737973e-08,Optimization terminated successfully. (HiGHS Status 7: Optimal),0.9999999999977421,optimal,0.0,0.06725532194222483,1.0000000139186407,optimal,0.0,0.045163832698762105,1.0000001578729865,optimal,0.0,0.009032754085389477,0.9999984373861313,0.0,0.0,0.004516385049031108,optimal
YPL091W,v1_glucose_reference,r_0481;r_0482,2,True,0.08093802601848507,0.08093802601830583,optimal,True,9.712563465738394e-08,9.712563465738393e-08,Optimization terminated successfully. (HiGHS Status 7: Optimal),0.9999999999977854,optimal,0.0,0.06725532194244468,1.0000000139219094,optimal,0.0,0.04516382493614521,0.9999999859961182,optimal,0.0,0.00903276820026173,1.0000000000158744,0.0,0.0,0.0045163689473046885,optimal
YPL110C,v1_glucose_reference,r_0497,1,True,0.08093802601848507,0.08093802601847783,optimal,True,9.712563465759032e-08,9.712563465759032e-08,Optimization terminated successfully. (HiGHS Status 7: Optimal),0.9999999999999105,optimal,0.0,0.06725532194249277,1.0000000139226244,optimal,0.0,0.04516383341051865,1.000000173632425,optimal,0.0,0.009032768199724926,0.9999999999564458,0.0,0.0,0.004516385048557112,optimal
YPL111W,v1_glucose_reference,r_0206,1,True,0.08093802601848507,0.08093802771897625,optimal,True,9.712563669818851e-08,9.712563669818851e-08,Optimization terminated successfully. (HiGHS Status 7: Optimal),1.000000021009793,optimal,0.0,0.06725532007012906,0.9999999860829877,optimal,0.0,0.045163825568731324,1.000000000002596,optimal,0.0,0.00903275408458162,0.9999984372966949,0.0,0.0,0.004516368346744933,optimal
YPL148C,v1_glucose_reference,r_0119,1,True,0.08093802601848507,0.08093801366572564,optimal,True,9.712561983428719e-08,9.712561983428719e-08,Optimization terminated successfully. (HiGHS Status 7: Optimal),0.999999847380026,optimal,0.0,0.06725532100630167,1.0000000000026688,optimal,0.0,0.04516382493616354,0.9999999859965241,optimal,0.0,0.009032752946409924,0.9999983112919453,0.0,0.0,0.004516383246396772,optimal
YPL206C,v1_glucose_reference,r_3098;r_3099;r_3100;r_3101;r_3102;r_3103,6,True,0.08093802601848507,0.08093802601830605,optimal,True,9.712563465738419e-08,9.712563465738419e-08,Optimization terminated successfully. (HiGHS Status 7: Optimal),0.9999999999977881,optimal,0.0,0.06725532100607179,0.9999999999992506,optimal,0.0,0.04516382556887427,1.000000000005761,optimal,0.0,0.00903275408528757,0.9999984373748492,0.0,0.0,0.004516383246133504,optimal
YPL262W,v1_glucose_reference,r_0451;r_0452,2,True,0.08093802601848507,0.07919097252316372,optimal,True,9.502917038905967e-08,9.502917038905967e-08,Optimization terminated successfully. (HiGHS Status 7: Optimal),0.9784149233523146,optimal,0.0,0.06712816249532647,0.9981093167218077,optimal,0.0,0.04416746091983177,0.9779388783780372,optimal,0.0,0.007239297717419532,0.8014484106128936,0.0,0.0,0.00451638324556844,optimal
YPR001W,v1_glucose_reference,r_0028,1,True,0.08093802601848507,0.08093802601842183,optimal,True,9.712563465752313e-08,9.712563465752313e-08,Optimization terminated successfully. (HiGHS Status 7: Optimal),0.9999999999992186,optimal,0.0,0.06725532194217895,1.0000000139179583,optimal,0.0,0.045163833410738013,1.0000001736372823,optimal,0.0,0.009032767061807306,0.9999998739798245,0.0,0.0,0.004516368947904625,optimal
YPR002W,v1_glucose_reference,r_0117,1,True,0.08093802601848507,0.08093802601842183,optimal,True,9.712563465752313e-08,9.712563465752313e-08,Optimization terminated successfully. (HiGHS Status 7: Optimal),0.9999999999992186,optimal,0.0,0.06725532194217895,1.0000000139179583,optimal,0.0,0.045163833410738013,1.0000001736372823,optimal,0.0,0.009032767061807306,0.9999998739798245,0.0,0.0,0.004516368947904625,optimal
YPR006C,v1_glucose_reference,r_0734,1,True,0.08093802601848507,0.08093802601842183,optimal,True,9.712563465752313e-08,9.712563465752313e-08,Optimization terminated successfully. (HiGHS Status 7: Optimal),0.9999999999992186,optimal,0.0,0.06725532194217895,1.0000000139179583,optimal,0.0,0.045163833410738013,1.0000001736372823,optimal,0.0,0.009032767061807306,0.9999998739798245,0.0,0.0,0.004516368947904625,optimal
YPR062W,v1_glucose_reference,r_0318;r_4764,2,True,0.08093802601848507,0.080938026018307,optimal,True,9.712563465738534e-08,9.712563465738534e-08,Optimization terminated successfully. (HiGHS Status 7: Optimal),0.9999999999978,optimal,0.0,0.06725532194256395,1.0000000139236829,optimal,0.0,0.045163832698869304,1.00000015787536,optimal,0.0,0.009032766492346514,0.9999998109359403,0.0,0.0,0.004516368947790496,optimal
YPR069C,v1_glucose_reference,r_1001,1,True,0.08093802601848507,0.08093802601844463,optimal,True,9.712563465755049e-08,9.71256346575505e-08,Optimization terminated successfully. (HiGHS Status 7: Optimal),0.9999999999995004,optimal,0.0,0.06725534636039862,1.0000003769854346,optimal,0.0,0.045163824936244185,0.9999999859983096,optimal,0.0,0.009032752946651628,0.9999983113187039,0.0,0.0,0.004516368947613478,optimal
YPR127W,v1_glucose_reference,r_4330,1,True,0.08093802601848507,0.08093802601827223,optimal,True,9.71256346573436e-08,9.712563465734361e-08,Optimization terminated successfully. (HiGHS Status 7: Optimal),0.9999999999973703,optimal,0.0,0.06725532100627457,1.0000000000022657,optimal,0.0,0.04516383341076255,1.0000001736378255,optimal,0.0,0.009032766492243757,0.9999998109245642,0.0,0.0,0.004516385048881431,optimal
YPR140W,v1_glucose_reference,r_2620;r_2621;r_2622;r_2623;r_2624;r_2625;r_2626;r_2627;r_2628;r_2629;r_2630;r_2631;r_2632;r_2633;r_2634;r_2635;r_2636;r_2637;r_2638;r_2639;r_2640;r_2641;r_2642;r_2643;r_2644;r_2645;r_2646;r_2647;r_2648;r_2649;r_2650;r_2651;r_2652;r_2653;r_2654;r_2655;r_2656;r_2657;r_2658;r_2659;r_2660;r_2661;r_2662;r_2663;r_2664;r_2665;r_2666;r_2667;r_2668;r_2669;r_2670;r_2671;r_2672;r_2673;r_2674;r_2675;r_2676;r_2677;r_2678;r_2679;r_2680;r_2681;r_2682;r_2683;r_2684;r_2685;r_2686;r_2687;r_2688;r_2689;r_2690;r_2691;r_2692;r_2693;r_2694;r_2695;r_2696;r_2697;r_2698;r_2699;r_2700;r_2701;r_2702;r_2703;r_2704;r_2705;r_2706;r_2707;r_2708;r_2709;r_2710;r_2711;r_2712;r_2713;r_2714;r_2715;r_2716;r_2717;r_2718;r_2719;r_2720;r_2721;r_2722;r_2723;r_2724;r_2725;r_2726;r_2727;r_2728;r_2729;r_2730;r_2731;r_2732;r_2733;r_2734;r_2735;r_2736;r_2737;r_2738;r_2739;r_2740;r_2741;r_2742;r_2743;r_2744;r_2745;r_2746;r_2747;r_2748;r_2749;r_2750;r_2751;r_2752;r_2753;r_2754;r_2755;r_2756;r_2757;r_2758;r_2759;r_2760;r_2761;r_2762;r_2763;r_2764;r_2765;r_2766;r_2767;r_2768;r_2769;r_2770;r_2771;r_2772;r_2773;r_2774;r_2775;r_2776;r_2777;r_2778;r_2779;r_2780;r_2781;r_2782;r_2783;r_2784;r_2785;r_2786;r_2787;r_2788;r_2789;r_2790;r_2791;r_2792;r_2793;r_2794;r_2795;r_2796;r_2797;r_2798;r_2799;r_2800;r_2801;r_2802;r_2803;r_2804;r_2805;r_2806;r_2807;r_2808;r_2809;r_2810;r_2811,192,True,0.08093802601848507,0.08093802601856542,optimal,True,9.712563465769545e-08,9.712563465769545e-08,Optimization terminated successfully. (HiGHS Status 7: Optimal),1.0000000000009928,optimal,0.0,0.0672553210061926,1.0000000000010467,optimal,0.0,0.04516382493625281,0.9999999859985006,optimal,0.0,0.009032766491884572,0.9999998108847996,0.0,0.0,0.004516385048664128,optimal
YPR160W,v1_glucose_reference,r_0511,1,True,0.08093802601848507,0.08093802601825557,optimal,True,9.712563465732361e-08,9.712563465732363e-08,Optimization terminated successfully. (HiGHS Status 7: Optimal),0.9999999999971645,optimal,0.0,0.0672553210063673,1.0000000000036444,optimal,0.0,0.045163832698760634,1.0000001578729538,optimal,0.0,0.009032752946401282,0.9999983112909885,0.0,0.0,0.0045163832462161504,optimal
YPR184W,v1_glucose_reference,r_0463,1,True,0.08093802601848507,0.08093802601852255,optimal,True,9.7125634657644e-08,9.7125634657644e-08,Optimization terminated successfully. (HiGHS Status 7: Optimal),1.0000000000004632,optimal,0.0,0.0672553219425329,1.0000000139232212,optimal,0.0,0.0451638334110041,1.0000001736431738,optimal,0.0,0.009032768200284605,1.0000000000184068,0.0,0.0,0.0045163832457868775,optimal
