gene,condition,footprint,footprint_size,actual_footprint_match,WT_mu_max,mutant_mu_max,growth_status,growth_finite,growth_mass_balance_residual,growth_bound_residual,growth_solver_message,GR,status_0.1,Pmin_0.1,Pmax_0.1,PCR_0.1,status_0.5,Pmin_0.5,Pmax_0.5,PCR_0.5,status_0.9,Pmin_0.9,Pmax_0.9,PCR_0.9,GCP,Pmin95,Pmax95,status_95mut
YAL044C,v2a_historical_ethanol_stage,r_0501;r_0504;r_0506;r_0507;r_0508;r_0509;r_1030,7,True,0.010416437798675585,0.010416437573451445,optimal,True,1.249972553026774e-08,1.249972553026774e-08,Optimization terminated successfully. (HiGHS Status 7: Optimal),0.9999999783780076,optimal,0.0,0.010432182041545758,0.9999997776760582,optimal,0.0,0.0059022450568511145,0.9999998372104643,optimal,0.0,0.0011804472696733616,0.9999529832583648,0.0,0.0,0.0005902247704019728,optimal
YAL054C,v2a_historical_ethanol_stage,r_0113,1,True,0.010416437798675585,0.009619684262550235,optimal,True,1.1543621523368068e-08,1.1543621523368068e-08,Optimization terminated successfully. (HiGHS Status 7: Optimal),0.9235099799447125,optimal,0.0,0.00839292029639593,0.8045218533403976,optimal,0.0,0.004498094699324768,0.7620988155787929,optimal,0.0,0.00025809444141256833,0.21863094886424891,0.0,0.0,0.0005069201929372615,optimal
YAL060W,v2a_historical_ethanol_stage,r_0003,1,True,0.010416437798675585,0.010416437573581233,optimal,True,1.2499725530423484e-08,1.2499725530423484e-08,Optimization terminated successfully. (HiGHS Status 7: Optimal),0.9999999783904675,optimal,0.0,0.010432178298972576,0.999999418923466,optimal,0.0,0.005902245056586228,0.9999998371655854,optimal,0.0,0.0011804472206439422,0.9999529417257056,0.0,0.0,0.0005902226503579609,optimal
YBL015W,v2a_historical_ethanol_stage,r_0111;r_4039,2,True,0.010416437798675585,0.009702094738799696,optimal,True,1.1642514098365337e-08,1.1642514098365337e-08,Optimization terminated successfully. (HiGHS Status 7: Optimal),0.9314215594925633,optimal,0.0,0.00977276096126874,0.9367895182072523,optimal,0.0,0.005095970818162495,0.8633951893740082,optimal,0.0,0.0003711509631053932,0.31440075497751674,0.0,0.0,0.0005500978277818602,optimal
YBR006W,v2a_historical_ethanol_stage,r_1023,1,True,0.010416437798675585,0.010416437573557263,optimal,True,1.249972553039472e-08,1.249972553039472e-08,Optimization terminated successfully. (HiGHS Status 7: Optimal),0.9999999783881663,optimal,0.0,0.010432178804720471,0.9999994674030439,optimal,0.0,0.005902246017801398,1.0000000000214146,optimal,0.0,0.0011804489996400515,0.9999544487074339,0.0,0.0,0.0005902246144579026,optimal
YBR011C,v2a_historical_ethanol_stage,r_0568,1,True,0.010416437798675585,0.010416437653930978,optimal,True,1.2499725626843182e-08,1.2499725626843182e-08,Optimization terminated successfully. (HiGHS Status 7: Optimal),0.9999999861042125,optimal,0.0,0.010432178827153214,0.9999994695533839,optimal,0.0,0.005902245011280715,0.9999998294896069,optimal,0.0,0.0011804489993046691,0.9999544484233326,0.0,0.0,0.0005902812026998207,optimal
YBR018C,v2a_historical_ethanol_stage,r_0459;r_1071,2,True,0.010416437798675585,0.010416437653954507,optimal,True,1.2499725626871417e-08,1.2499725626871417e-08,Optimization terminated successfully. (HiGHS Status 7: Optimal),0.9999999861064713,optimal,0.0,0.010432169309680949,0.9999985572351258,optimal,0.0,0.00590224601749753,0.9999999999699312,optimal,0.0,0.0011804472697216667,0.999952983299284,0.0,0.0,0.0005902227020367126,optimal
YBR035C,v2a_historical_ethanol_stage,r_0953;r_0954;r_0955;r_0956,4,True,0.010416437798675585,0.01041643765394145,optimal,True,1.2499725626855748e-08,1.2499725626855748e-08,Optimization terminated successfully. (HiGHS Status 7: Optimal),0.9999999861052178,optimal,0.0,0.010432230759431947,1.0000044476362988,optimal,0.0,0.005902276853019604,1.0000052243407862,optimal,0.0,0.0011804489996384468,0.9999544487060746,0.0,0.0,0.0005902832018384944,optimal
YBR097W,v2a_historical_ethanol_stage,r_2852;r_2853;r_2854;r_2855;r_2856;r_2857;r_2858;r_2859,8,True,0.010416437798675585,0.01041643765393099,optimal,True,1.2499725626843195e-08,1.2499725626843195e-08,Optimization terminated successfully. (HiGHS Status 7: Optimal),0.9999999861042136,optimal,0.0,0.01043217849416667,0.9999994376342255,optimal,0.0,0.00590224606332702,1.0000000077346853,optimal,0.0,0.001180449081386634,0.999954517954694,0.0,0.0,0.000590224614168987,optimal
YBR159W,v2a_historical_ethanol_stage,r_2161;r_2162;r_2163;r_2164;r_2165;r_2166;r_2167,7,True,0.010416437798675585,0.010416437573544428,optimal,True,1.2499725530379318e-08,1.2499725530379318e-08,Optimization terminated successfully. (HiGHS Status 7: Optimal),0.9999999783869341,optimal,0.0,0.010432146567595783,0.9999963772424818,optimal,0.0,0.005902246099761715,1.0000000139077077,optimal,0.0,0.0011804492293015553,0.9999546432529353,0.0,0.0,0.0005902812374736185,optimal
YBR183W,v2a_historical_ethanol_stage,r_0919,1,True,0.010416437798675585,0.010416437654053045,optimal,True,1.2499725626989662e-08,1.2499725626989662e-08,Optimization terminated successfully. (HiGHS Status 7: Optimal),0.9999999861159311,optimal,0.0,0.010432178617709785,0.9999994494767228,optimal,0.0,0.005902276898225291,1.0000052319998514,optimal,0.0,0.001180448999761741,0.9999544488105168,0.0,0.0,0.0005902245278615472,optimal
YBR196C,v2a_historical_ethanol_stage,r_0467,1,True,0.010416437798675585,0.0,optimal,True,2.7307785662363326e-13,3.979039320256561e-12,Optimization terminated successfully. (HiGHS Status 7: Optimal),0.0,growth_floor_infeasible,,,,growth_floor_infeasible,,,,growth_floor_infeasible,,,,0.0,0.0,0.011283785051582772,optimal
YBR208C,v2a_historical_ethanol_stage,r_0191;r_1075,2,True,0.010416437798675585,0.010416437653883524,optimal,True,1.2499725626786237e-08,1.2499725626786237e-08,Optimization terminated successfully. (HiGHS Status 7: Optimal),0.9999999860996568,optimal,0.0,0.010432178617946347,0.999999449499399,optimal,0.0,0.005902245056782554,0.9999998371988482,optimal,0.0,0.0011804489992768073,0.999954448399731,0.0,0.0,0.0005902832710494856,optimal
YBR221C,v2a_historical_ethanol_stage,r_0961,1,True,0.010416437798675585,0.010416437653930983,optimal,True,1.2499725626843187e-08,1.2499725626843187e-08,Optimization terminated successfully. (HiGHS Status 7: Optimal),0.9999999861042129,optimal,0.0,0.010432178500578307,0.9999994382488271,optimal,0.0,0.00590224609976515,1.0000000139082894,optimal,0.0,0.0011804491469468957,0.9999545734905751,0.0,0.0,0.0005902225639078963,optimal
YBR281C,v2a_historical_ethanol_stage,r_4171,1,True,0.010416437798675585,0.010416437573528003,optimal,True,1.249972553035961e-08,1.249972553035961e-08,Optimization terminated successfully. (HiGHS Status 7: Optimal),0.9999999783853573,optimal,0.0,0.010432178819294983,0.9999994688001158,optimal,0.0,0.005902246017679142,1.0000000000007012,optimal,0.0,0.0011804471385677075,0.9999528721991983,0.0,0.0,0.0005902226502632138,optimal
YCL004W,v2a_historical_ethanol_stage,r_2536;r_2537;r_2538;r_2539;r_2540;r_2541,6,True,0.010416437798675585,0.010416437653932013,optimal,True,1.2499725626844424e-08,1.2499725626844424e-08,Optimization terminated successfully. (HiGHS Status 7: Optimal),0.9999999861043118,optimal,0.0,0.01043217829903721,0.9999994189296616,optimal,0.0,0.005902245056797735,0.9999998372014204,optimal,0.0,0.0011804472698975078,0.9999529834482384,0.0,0.0,0.0005902245282716401,optimal
YCL050C,v2a_historical_ethanol_stage,r_0223;r_0224;r_1026,3,True,0.010416437798675585,0.010416437653930985,optimal,True,1.249972562684319e-08,1.249972562684319e-08,Optimization terminated successfully. (HiGHS Status 7: Optimal),0.9999999861042131,optimal,0.0,0.010432193144005222,1.0000008419267539,optimal,0.0,0.0059022449838494594,0.9999998248420108,optimal,0.0,0.0011804472696289184,0.9999529832207171,0.0,0.0,0.0005902227023444548,optimal
YCL064C,v2a_historical_ethanol_stage,r_0689;r_0692,2,True,0.010416437798675585,0.010416437573580984,optimal,True,1.2499725530423185e-08,1.2499725530423185e-08,Optimization terminated successfully. (HiGHS Status 7: Optimal),0.9999999783904435,optimal,0.0,0.010432146567664042,0.999996377249025,optimal,0.0,0.005902246099324226,1.000000013833585,optimal,0.0,0.0011804489993804163,0.9999544484874978,0.0,0.0,0.0005902227885948676,optimal
YCR005C,v2a_historical_ethanol_stage,r_0301,1,True,0.010416437798675585,0.010416437573509614,optimal,True,1.2499725530337542e-08,1.2499725530337542e-08,Optimization terminated successfully. (HiGHS Status 7: Optimal),0.9999999783835919,optimal,0.0,0.010432169310321725,0.9999985572965486,optimal,0.0,0.005902245056798176,0.999999837201495,optimal,0.0,0.0011804491471212974,0.9999545736383102,0.0,0.0,0.0005902247706405653,optimal
YCR012W,v2a_historical_ethanol_stage,r_0892,1,True,0.010416437798675585,0.0,optimal,True,8.676948048957911e-13,4.231443896437718e-12,Optimization terminated successfully. (HiGHS Status 7: Optimal),0.0,growth_floor_infeasible,,,,growth_floor_infeasible,,,,growth_floor_infeasible,,,,0.0,0.0,0.011283785051580855,optimal
YCR034W,v2a_historical_ethanol_stage,r_2156,1,True,0.010416437798675585,0.010416437573557183,optimal,True,1.2499725530394624e-08,1.2499725530394624e-08,Optimization terminated successfully. (HiGHS Status 7: Optimal),0.9999999783881587,optimal,0.0,0.01043218201921773,0.9999997755357559,optimal,0.0,0.005902246017485257,0.9999999999678518,optimal,0.0,0.0011804491471341886,0.9999545736492303,0.0,0.0,0.0005902246144002578,optimal
YCR036W,v2a_historical_ethanol_stage,r_0332;r_0969,2,True,0.010416437798675585,0.01041643757360945,optimal,True,1.2499725530457346e-08,1.2499725530457346e-08,Optimization terminated successfully. (HiGHS Status 7: Optimal),0.9999999783931764,optimal,0.0,0.010432178812865293,0.9999994681837837,optimal,0.0,0.005902246063058779,1.0000000076892381,optimal,0.0,0.0011804471384158177,0.9999528720705328,0.0,0.0,0.0005902247011599427,optimal
YCR048W,v2a_historical_ethanol_stage,r_0126;r_0128;r_0129;r_0130;r_0131;r_0133;r_0134;r_0135,8,True,0.010416437798675585,0.010416435668689281,optimal,True,1.2499723244553062e-08,0.0,Optimization terminated successfully. (HiGHS Status 7: Optimal),0.999999795516822,optimal,0.0,0.010432184547952776,1.0000000179332211,optimal,0.0,0.005902274803611832,1.0000048771157188,optimal,0.0,0.0011805045030967905,1.000001465502316,0.0,0.0,0.0005902248394162875,optimal
YDL015C,v2a_historical_ethanol_stage,r_2175;r_2176;r_2177;r_2178;r_2179;r_2180;r_2181,7,True,0.010416437798675585,0.010416437573544428,optimal,True,1.2499725530379318e-08,1.2499725530379318e-08,Optimization terminated successfully. (HiGHS Status 7: Optimal),0.9999999783869341,optimal,0.0,0.010432146567595783,0.9999963772424818,optimal,0.0,0.005902246099761715,1.0000000139077077,optimal,0.0,0.0011804492293015553,0.9999546432529353,0.0,0.0,0.0005902812374736185,optimal
YDL024C,v2a_historical_ethanol_stage,r_2064;r_4216,2,True,0.010416437798675585,0.010416433426099778,optimal,True,5.84172221704325e-13,0.0,Optimization terminated successfully. (HiGHS Status 7: Optimal),0.9999995802234996,optimal,0.0,0.010432149608683014,0.9999966687525937,optimal,0.0,0.005902274730516202,1.0000048647313433,optimal,0.0,0.001180500682705113,0.9999982292611443,0.0,0.0,0.0005902836341435931,optimal
YDL040C,v2a_historical_ethanol_stage,r_0992,1,True,0.010416437798675585,0.010416437573817735,optimal,True,1.2499725530707287e-08,1.2499725530707287e-08,Optimization terminated successfully. (HiGHS Status 7: Optimal),0.9999999784131721,optimal,0.0,0.010432178486066711,0.9999994368577863,optimal,0.0,0.005902276852900928,1.0000052243206794,optimal,0.0,0.001180448999656684,0.9999544487215233,0.0,0.0,0.0005902246143236776,optimal
YDL066W,v2a_historical_ethanol_stage,r_2131,1,True,0.010416437798675585,0.010416437573590051,optimal,True,1.2499725530434065e-08,1.2499725530434065e-08,Optimization terminated successfully. (HiGHS Status 7: Optimal),0.999999978391314,optimal,0.0,0.010432146777194628,0.9999963973340406,optimal,0.0,0.005902245028945196,0.9999998324824473,optimal,0.0,0.0011804492293232267,0.999954643271293,0.0,0.0,0.0005902226503993733,optimal
YDL078C,v2a_historical_ethanol_stage,r_0715,1,True,0.010416437798675585,0.010416435958033415,optimal,True,1.2499723591766033e-08,1.2499723591766033e-08,Optimization terminated successfully. (HiGHS Status 7: Optimal),0.9999998232944692,optimal,0.0,0.01043217850014987,0.9999994382077584,optimal,0.0,0.005902246026824795,1.000000001550222,optimal,0.0,0.0011804490161424629,0.9999544626865721,0.0,0.0,0.0005902265099564951,optimal
YDL080C,v2a_historical_ethanol_stage,r_0072,1,True,0.010416437798675585,0.010416437653955083,optimal,True,1.2499725626872108e-08,1.2499725626872108e-08,Optimization terminated successfully. (HiGHS Status 7: Optimal),0.9999999861065266,optimal,0.0,0.010432149781871458,0.9999966853539535,optimal,0.0,0.005902246099905856,1.000000013932129,optimal,0.0,0.0011804491469667392,0.9999545735073845,0.0,0.0,0.0005902227021625147,optimal
YDL100C,v2a_historical_ethanol_stage,r_0348,1,True,0.010416437798675585,0.010416436804648143,optimal,True,1.2499724607703742e-08,1.2499724607703742e-08,Optimization terminated successfully. (HiGHS Status 7: Optimal),0.9999999045712689,optimal,0.0,0.010432178805125113,0.9999994674418318,optimal,0.0,0.005902276371285652,1.0000051427220344,optimal,0.0,0.001180448133376423,0.9999537148983754,0.0,0.0,0.0005902245279499049,optimal
YDL166C,v2a_historical_ethanol_stage,r_1729,1,True,0.010416437798675585,0.010416196457704882,optimal,True,1.2499436191361629e-08,1.2499436191361629e-08,Optimization terminated successfully. (HiGHS Status 7: Optimal),0.9999768307577536,optimal,0.0,0.010432122941743671,0.9999941125344116,optimal,0.0,0.0059021083571543535,0.9999766765871436,optimal,0.0,0.0011802032206354065,0.999746250124379,0.0,0.0,0.0005902247706721419,optimal
YDL178W,v2a_historical_ethanol_stage,r_0002,1,True,0.010416437798675585,0.010416435797319426,optimal,True,1.249972339890924e-08,1.249972339890924e-08,Optimization terminated successfully. (HiGHS Status 7: Optimal),0.9999998078655873,optimal,0.0,0.010432178604915774,0.9999994482503248,optimal,0.0,0.005902246017662805,0.9999999999979332,optimal,0.0,0.001180447138455849,0.9999528721044433,0.0,0.0,0.0005902265272484837,optimal
YDL215C,v2a_historical_ethanol_stage,r_0470,1,True,0.010416437798675585,0.010416437573557192,optimal,True,1.2499725530394635e-08,1.2499725530394635e-08,Optimization terminated successfully. (HiGHS Status 7: Optimal),0.9999999783881595,optimal,0.0,0.010432184562241861,1.0000000193029328,optimal,0.0,0.005902243968208019,0.9999996527649002,optimal,0.0,0.0011805008137812587,0.9999983402953143,0.0,0.0,0.0005902793076091625,optimal
YDL238C,v2a_historical_ethanol_stage,r_0526,1,True,0.010416437798675585,0.010416437573557202,optimal,True,1.2499725530394647e-08,1.2499725530394647e-08,Optimization terminated successfully. (HiGHS Status 7: Optimal),0.9999999783881605,optimal,0.0,0.010432146755113217,0.9999963952173783,optimal,0.0,0.005902245056480122,0.9999998371476081,optimal,0.0,0.0011804471386659275,0.9999528722824002,0.0,0.0,0.0005902247700349445,optimal
YDR001C,v2a_historical_ethanol_stage,r_0194,1,True,0.010416437798675585,0.010416437573509612,optimal,True,1.2499725530337538e-08,1.2499725530337538e-08,Optimization terminated successfully. (HiGHS Status 7: Optimal),0.9999999783835917,optimal,0.0,0.010432184360696787,0.9999999999833861,optimal,0.0,0.005902274803448913,1.0000048770881158,optimal,0.0,0.001180500813768848,0.9999983402848013,0.0,0.0,0.0005902793077654266,optimal
YDR017C,v2a_historical_ethanol_stage,r_0074;r_0083;r_0093;r_0358,4,True,0.010416437798675585,0.010416437573580996,optimal,True,1.24997255304232e-08,1.24997255304232e-08,Optimization terminated successfully. (HiGHS Status 7: Optimal),0.9999999783904446,optimal,0.0,0.010432178804377181,0.9999994673701371,optimal,0.0,0.005902243895384487,0.9999996404266256,optimal,0.0,0.0011804489993966767,0.9999544485012719,0.0,0.0,0.0005902246148391198,optimal
YDR019C,v2a_historical_ethanol_stage,r_0501;r_0504;r_0506;r_0507;r_0508;r_0509;r_1030,7,True,0.010416437798675585,0.010416437573451445,optimal,True,1.249972553026774e-08,1.249972553026774e-08,Optimization terminated successfully. (HiGHS Status 7: Optimal),0.9999999783780076,optimal,0.0,0.010432182041545758,0.9999997776760582,optimal,0.0,0.0059022450568511145,0.9999998372104643,optimal,0.0,0.0011804472696733616,0.9999529832583648,0.0,0.0,0.0005902247704019728,optimal
YDR050C,v2a_historical_ethanol_stage,r_1054,1,True,0.010416437798675585,0.0,optimal,True,2.6672524383689445e-13,3.2218672174622043e-13,Optimization terminated successfully. (HiGHS Status 7: Optimal),0.0,growth_floor_infeasible,,,,growth_floor_infeasible,,,,growth_floor_infeasible,,,,0.0,0.0,0.011283785051581162,optimal
YDR111C,v2a_historical_ethanol_stage,r_4226,1,True,0.010416437798675585,0.010416437653931144,optimal,True,1.249972562684338e-08,1.249972562684338e-08,Optimization terminated successfully. (HiGHS Status 7: Optimal),0.9999999861042285,optimal,0.0,0.010432178804541848,0.9999994673859216,optimal,0.0,0.005902246017951252,1.000000000046804,optimal,0.0,0.0011804489996434559,0.9999544487103178,0.0,0.0,0.0005902245280033985,optimal
YDR148C,v2a_historical_ethanol_stage,r_0831;r_0832,2,True,0.010416437798675585,0.009702094404414711,optimal,True,1.1642513697103342e-08,1.1642513697103342e-08,Optimization terminated successfully. (HiGHS Status 7: Optimal),0.9314215273908995,optimal,0.0,0.009772760914189193,0.9367895136943387,optimal,0.0,0.005095970695980339,0.8633951686730487,optimal,0.0,0.00037115074369830324,0.3144005691184955,0.0,0.0,0.0005500979721141542,optimal
YDR208W,v2a_historical_ethanol_stage,r_2860;r_2861;r_2862;r_2863;r_2864;r_2865;r_2866;r_2867;r_2868;r_2869;r_2870;r_2871;r_2872;r_2873;r_2874;r_2875,16,True,0.010416437798675585,0.010416437653954487,optimal,True,1.2499725626871392e-08,1.2499725626871392e-08,Optimization terminated successfully. (HiGHS Status 7: Optimal),0.9999999861064693,optimal,0.0,0.010432146768962872,0.9999963965449675,optimal,0.0,0.0059022450566225924,0.9999998371717465,optimal,0.0,0.0011804489994111603,0.999954448513541,0.0,0.0,0.0005902247704966773,optimal
YDR236C,v2a_historical_ethanol_stage,r_0965;r_0966,2,True,0.010416437798675585,0.01041643757358789,optimal,True,1.2499725530431471e-08,1.2499725530431471e-08,Optimization terminated successfully. (HiGHS Status 7: Optimal),0.9999999783911065,optimal,0.0,0.010432178486261639,0.9999994368764714,optimal,0.0,0.005902246017410323,0.999999999955156,optimal,0.0,0.0011804489994930029,0.9999544485828695,0.0,0.0,0.0005902832015946742,optimal
YDR248C,v2a_historical_ethanol_stage,r_4232,1,True,0.010416437798675585,0.010416437798675585,optimal,True,1.2499725800536716e-08,1.2499725800536716e-08,Optimization terminated successfully. (HiGHS Status 7: Optimal),1.0,optimal,0.0,0.010432184360870107,1.0,optimal,0.0,0.005902246017675004,1.0,optimal,0.0,0.0011805027730672425,1.0,0.0,0.0,0.0005902829593877827,optimal
YDR256C,v2a_historical_ethanol_stage,r_0256,1,True,0.010416437798675585,0.01041643757350828,optimal,True,1.249972553033594e-08,1.249972553033594e-08,Optimization terminated successfully. (HiGHS Status 7: Optimal),0.9999999783834638,optimal,0.0,0.010432175262620238,0.9999991278672276,optimal,0.0,0.005902245011126711,0.9999998294635145,optimal,0.0,0.001180445310588354,0.9999513237239256,0.0,0.0,0.0005902207209016717,optimal
YDR272W,v2a_historical_ethanol_stage,r_0553,1,True,0.010416437798675585,0.010416437798675585,optimal,True,1.2499725800536716e-08,1.2499725800536716e-08,Optimization terminated successfully. (HiGHS Status 7: Optimal),1.0,optimal,0.0,0.010432184360870107,1.0,optimal,0.0,0.005902246017675004,1.0,optimal,0.0,0.0011805027730672425,1.0,0.0,0.0,0.0005902829593877827,optimal
YDR284C,v2a_historical_ethanol_stage,r_2352;r_2353;r_2354;r_2355;r_2356;r_2357;r_2358;r_2359;r_3224;r_3225;r_3226;r_3227;r_3228;r_3229;r_3230;r_3231;r_3244;r_3245;r_3246;r_3247,20,True,0.010416437798675585,0.010416437798675585,optimal,True,1.2499725800536716e-08,1.2499725800536716e-08,Optimization terminated successfully. (HiGHS Status 7: Optimal),1.0,optimal,0.0,0.010432184360870107,1.0,optimal,0.0,0.005902246017675004,1.0,optimal,0.0,0.0011805027730672425,1.0,0.0,0.0,0.0005902829593877827,optimal
YDR300C,v2a_historical_ethanol_stage,r_0468,1,True,0.010416437798675585,0.010416437573581884,optimal,True,1.2499725530424265e-08,1.2499725530424265e-08,Optimization terminated successfully. (HiGHS Status 7: Optimal),0.9999999783905299,optimal,0.0,0.01043217830698006,0.9999994196910409,optimal,0.0,0.005902244013848355,0.9999996604976067,optimal,0.0,0.0011804489992614134,0.9999544483866908,0.0,0.0,0.0005902208072636032,optimal
YDR305C,v2a_historical_ethanol_stage,r_0204;r_4769,2,True,0.010416437798675585,0.010416437798675585,optimal,True,1.2499725800536716e-08,1.2499725800536716e-08,Optimization terminated successfully. (HiGHS Status 7: Optimal),1.0,optimal,0.0,0.010432184360870107,1.0,optimal,0.0,0.005902246017675004,1.0,optimal,0.0,0.0011805027730672425,1.0,0.0,0.0,0.0005902829593877827,optimal
YDR315C,v2a_historical_ethanol_stage,r_0571,1,True,0.010416437798675585,0.010416437573580996,optimal,True,1.24997255304232e-08,1.24997255304232e-08,Optimization terminated successfully. (HiGHS Status 7: Optimal),0.9999999783904446,optimal,0.0,0.010432178804377181,0.9999994673701371,optimal,0.0,0.005902243895384487,0.9999996404266256,optimal,0.0,0.0011804489993966767,0.9999544485012719,0.0,0.0,0.0005902246148391198,optimal
YDR321W,v2a_historical_ethanol_stage,r_0679,1,True,0.010416437798675585,0.010416437653789306,optimal,True,1.2499725626673176e-08,1.2499725626673176e-08,Optimization terminated successfully. (HiGHS Status 7: Optimal),0.9999999860906117,optimal,0.0,0.010432178819252352,0.9999994687960294,optimal,0.0,0.005902246099241855,1.0000000138196292,optimal,0.0,0.0011804472204043318,0.9999529415227324,0.0,0.0,0.0005902226506332803,optimal
YDR373W,v2a_historical_ethanol_stage,r_2836;r_2837;r_2838;r_2839;r_2840;r_2841;r_2842;r_2843,8,True,0.010416437798675585,0.010416437653954294,optimal,True,1.249972562687116e-08,1.249972562687116e-08,Optimization terminated successfully. (HiGHS Status 7: Optimal),0.9999999861064508,optimal,0.0,0.010432178617567405,0.9999994494630747,optimal,0.0,0.005902245056542646,0.9999998371582013,optimal,0.0,0.0011804472698336145,0.9999529833941145,0.0,0.0,0.0005902246838289672,optimal
YDR380W,v2a_historical_ethanol_stage,r_0854,1,True,0.010416437798675585,0.010416437653930938,optimal,True,1.2499725626843134e-08,1.2499725626843134e-08,Optimization terminated successfully. (HiGHS Status 7: Optimal),0.9999999861042086,optimal,0.0,0.010432178486211172,0.9999994368716338,optimal,0.0,0.005902246145231787,1.0000000216115668,optimal,0.0,0.0011804489993628344,0.9999544484726043,0.0,0.0,0.0005902227023533077,optimal
YDR399W,v2a_historical_ethanol_stage,r_0527;r_0562,2,True,0.010416437798675585,0.01041643757354337,optimal,True,1.2499725530378049e-08,1.2499725530378049e-08,Optimization terminated successfully. (HiGHS Status 7: Optimal),0.9999999783868325,optimal,0.0,0.010432178486367523,0.9999994368866212,optimal,0.0,0.005902246145439228,1.0000000216467129,optimal,0.0,0.0011804491478970354,0.9999545742954353,0.0,0.0,0.0005902247702840554,optimal
YDR400W,v2a_historical_ethanol_stage,r_4045;r_4756,2,True,0.010416437798675585,0.01041643757360945,optimal,True,1.2499725530457346e-08,1.2499725530457346e-08,Optimization terminated successfully. (HiGHS Status 7: Optimal),0.9999999783931764,optimal,0.0,0.010432178812865293,0.9999994681837837,optimal,0.0,0.005902246063058779,1.0000000076892381,optimal,0.0,0.0011804471384158177,0.9999528720705328,0.0,0.0,0.0005902247011599427,optimal
YDR402C,v2a_historical_ethanol_stage,r_0763;r_0920,2,True,0.010416437798675585,0.010416437573514988,optimal,True,1.249972553034399e-08,1.249972553034399e-08,Optimization terminated successfully. (HiGHS Status 7: Optimal),0.9999999783841078,optimal,0.0,0.010432146755122702,0.9999963952182875,optimal,0.0,0.005902246017568387,0.9999999999819362,optimal,0.0,0.0011805046510057573,1.0000015907955133,0.0,0.0,0.0005902246145918094,optimal
YDR403W,v2a_historical_ethanol_stage,r_0695;r_0763,2,True,0.010416437798675585,0.010416435668587357,optimal,True,1.2499723244430753e-08,0.0,Optimization terminated successfully. (HiGHS Status 7: Optimal),0.9999997955070372,optimal,0.0,0.010432178819370572,0.9999994688073616,optimal,0.0,0.005902244983764965,0.9999998248276952,optimal,0.0,0.0011804491469488633,0.9999545734922419,0.0,0.0,0.0005902269077642412,optimal
YDR452W,v2a_historical_ethanol_stage,r_4335,1,True,0.010416437798675585,0.010416435797210974,optimal,True,1.2499723398779099e-08,1.2499723398779099e-08,Optimization terminated successfully. (HiGHS Status 7: Optimal),0.9999998078551757,optimal,0.0,0.010432146755640012,0.9999963952678754,optimal,0.0,0.005902246017764411,1.000000000015148,optimal,0.0,0.0011804491470355418,0.999954573565667,0.0,0.0,0.0005902266828117949,optimal
YDR453C,v2a_historical_ethanol_stage,r_0550,1,True,0.010416437798675585,0.010416437573557195,optimal,True,1.2499725530394639e-08,1.2499725530394639e-08,Optimization terminated successfully. (HiGHS Status 7: Optimal),0.9999999783881598,optimal,0.0,0.010432181819350973,0.9999997563770878,optimal,0.0,0.005902246062970663,1.000000007674309,optimal,0.0,0.0011804471385319874,0.9999528721689398,0.0,0.0,0.0005902226503634383,optimal
YDR481C,v2a_historical_ethanol_stage,r_0188;r_4768,2,True,0.010416437798675585,0.010416437653954768,optimal,True,1.249972562687173e-08,1.249972562687173e-08,Optimization terminated successfully. (HiGHS Status 7: Optimal),0.9999999861064963,optimal,0.0,0.010432178804904872,0.9999994674207201,optimal,0.0,0.005902275864558668,1.0000050568687877,optimal,0.0,0.0011805027730630757,0.9999999999964703,0.0,0.0,0.0005902227021879388,optimal
YDR503C,v2a_historical_ethanol_stage,r_2360;r_2361;r_2362;r_2363;r_2364;r_2365;r_2366;r_2367;r_3232;r_3233;r_3234;r_3235;r_3236;r_3237;r_3238;r_3239;r_3248;r_3249;r_3250;r_3251,20,True,0.010416437798675585,0.010416437573589796,optimal,True,1.249972553043376e-08,1.249972553043376e-08,Optimization terminated successfully. (HiGHS Status 7: Optimal),0.9999999783912895,optimal,0.0,0.01043217850080285,0.9999994382703513,optimal,0.0,0.005902246099633831,1.0000000138860405,optimal,0.0,0.0011804472698557378,0.9999529834128551,0.0,0.0,0.0005902227886865942,optimal
YDR530C,v2a_historical_ethanol_stage,r_0222,1,True,0.010416437798675585,0.010416437798675585,optimal,True,1.2499725800536716e-08,1.2499725800536716e-08,Optimization terminated successfully. (HiGHS Status 7: Optimal),1.0,optimal,0.0,0.010432184360870107,1.0,optimal,0.0,0.005902246017675004,1.0,optimal,0.0,0.0011805027730672425,1.0,0.0,0.0,0.0005902829593877827,optimal
YEL042W,v2a_historical_ethanol_stage,r_0791;r_0810,2,True,0.010416437798675585,0.010416437653930974,optimal,True,1.2499725626843177e-08,1.2499725626843177e-08,Optimization terminated successfully. (HiGHS Status 7: Optimal),0.9999999861042121,optimal,0.0,0.010432178805295898,0.9999994674582027,optimal,0.0,0.005902275891991266,1.0000050615166112,optimal,0.0,0.001180449147061227,0.9999545735874248,0.0,0.0,0.0005902245281029495,optimal
YEL046C,v2a_historical_ethanol_stage,r_0675;r_1040,2,True,0.010416437798675585,0.010416435797210974,optimal,True,1.2499723398779099e-08,1.2499723398779099e-08,Optimization terminated successfully. (HiGHS Status 7: Optimal),0.9999998078551757,optimal,0.0,0.010432146762963064,0.9999963959698427,optimal,0.0,0.005902276853305689,1.0000052243892568,optimal,0.0,0.0011804451792866368,0.9999512124986745,0.0,0.0,0.0005902266135961161,optimal
YEL047C,v2a_historical_ethanol_stage,r_0454;r_0455;r_1000,3,True,0.010416437798675585,0.010416437589631958,optimal,True,1.2499725549684355e-08,0.0,Optimization terminated successfully. (HiGHS Status 7: Optimal),0.9999999799313709,optimal,0.0,0.010432146769021617,0.9999963965505987,optimal,0.0,0.005902246099391382,1.0000000138449632,optimal,0.0,0.0011804491464832059,0.999954573097785,0.0,0.0,0.000590224752589772,optimal
YER005W,v2a_historical_ethanol_stage,r_0788;r_0789;r_0790;r_0792;r_0793;r_0805;r_0806,7,True,0.010416437798675585,0.010416437573569227,optimal,True,1.2499725530409078e-08,1.2499725530409078e-08,Optimization terminated successfully. (HiGHS Status 7: Optimal),0.9999999783893149,optimal,0.0,0.010432178819285733,0.9999994687992292,optimal,0.0,0.0059022758923928725,1.0000050615846543,optimal,0.0,0.0011805046504669747,1.0000015903391124,0.0,0.0,0.0005902228745801044,optimal
YER010C,v2a_historical_ethanol_stage,r_4184;r_4185,2,True,0.010416437798675585,0.01041643403694114,optimal,True,5.298175093093604e-13,1.2499721286455222e-08,Optimization terminated successfully. (HiGHS Status 7: Optimal),0.9999996388655586,optimal,0.0,0.010432146769054056,0.9999963965537082,optimal,0.0,0.005902246100159564,1.0000000139751137,optimal,0.0,0.0011804491472650505,0.999954573760083,0.0,0.0,0.0005902285776202488,optimal
YER015W,v2a_historical_ethanol_stage,r_0399;r_0400;r_0402;r_0410;r_0412;r_2206;r_2207;r_2208,8,True,0.010416437798675585,0.010416433827978843,optimal,True,5.909717160079708e-13,1.1368683772161603e-13,Optimization terminated successfully. (HiGHS Status 7: Optimal),0.9999996188047374,optimal,0.0,0.010432178486401931,0.9999994368899194,optimal,0.0,0.005902245011069705,0.999999829453856,optimal,0.0,0.0011804471879050694,0.9999529139927146,0.0,0.0,0.0005902872341431311,optimal
YER019W,v2a_historical_ethanol_stage,r_0596;r_0597;r_0598;r_0599;r_0600;r_0601;r_0602;r_0603;r_0604;r_0605;r_0606;r_0607;r_0608;r_0609;r_0610;r_0611;r_0612;r_0613;r_0614;r_0615;r_0616;r_0617;r_0618;r_0619;r_0620;r_0621;r_0622;r_0623;r_0624;r_0625;r_0626;r_0627;r_0628;r_0629;r_0630;r_0631;r_0632;r_0633;r_0634;r_0635;r_0636;r_0637;r_0638;r_0639;r_0640;r_0641;r_0642;r_0643;r_0644;r_0645;r_0646;r_0647;r_0648;r_0649;r_0650;r_0651;r_0652;r_0653;r_0654;r_0655,60,True,0.010416437798675585,0.010416437653931148,optimal,True,1.2499725626843385e-08,1.2499725626843385e-08,Optimization terminated successfully. (HiGHS Status 7: Optimal),0.9999999861042288,optimal,0.0,0.010432169511565502,0.999998576587214,optimal,0.0,0.005902246099690938,1.000000013895716,optimal,0.0,0.0011804491470663887,0.9999545735917972,0.0,0.0,0.0005902246837977874,optimal
YER037W,v2a_historical_ethanol_stage,r_1619;r_3240;r_3241;r_3242;r_3243,5,True,0.010416437798675585,0.01041643765395539,optimal,True,1.2499725626872477e-08,1.2499725626872477e-08,Optimization terminated successfully. (HiGHS Status 7: Optimal),0.999999986106556,optimal,0.0,0.01043217861284063,0.9999994490099792,optimal,0.0,0.0059022450292627576,0.9999998325362509,optimal,0.0,0.0011804472205187164,0.9999529416196272,0.0,0.0,0.0005902226502237096,optimal
YER065C,v2a_historical_ethanol_stage,r_0662,1,True,0.010416437798675585,0.0,optimal,True,3.410605131648481e-13,5.139099251355683e-13,Optimization terminated successfully. (HiGHS Status 7: Optimal),0.0,growth_floor_infeasible,,,,growth_floor_infeasible,,,,growth_floor_infeasible,,,,0.0,0.0,0.011283785051580762,optimal
YER086W,v2a_historical_ethanol_stage,r_0693,1,True,0.010416437798675585,0.010416437653931144,optimal,True,1.249972562684338e-08,1.249972562684338e-08,Optimization terminated successfully. (HiGHS Status 7: Optimal),0.9999999861042285,optimal,0.0,0.010432178604814647,0.999999448240631,optimal,0.0,0.005902244983837579,0.9999998248399979,optimal,0.0,0.001180447138602179,0.999952872228399,0.0,0.0,0.0005902226504266343,optimal
YER163C,v2a_historical_ethanol_stage,r_4188,1,True,0.010416437798675585,0.010416437573641898,optimal,True,1.2499725530496283e-08,1.2499725530496283e-08,Optimization terminated successfully. (HiGHS Status 7: Optimal),0.9999999783962915,optimal,0.0,0.010432178612464253,0.9999994489739009,optimal,0.0,0.005902243941123247,0.9999996481760078,optimal,0.0,0.0011804452615535106,0.9999512821866716,0.0,0.0,0.0005902206685541136,optimal
YER170W,v2a_historical_ethanol_stage,r_0149;r_0150,2,True,0.010416437798675585,0.009619682575862744,optimal,True,1.1543619499343007e-08,1.1543619499343007e-08,Optimization terminated successfully. (HiGHS Status 7: Optimal),0.9235098180191557,optimal,0.0,0.008392920483376403,0.8045218712638226,optimal,0.0,0.004498094655642652,0.762098808177862,optimal,0.0,0.0002580961504622542,0.218632396594593,0.0,0.0,0.0005069216798025042,optimal
YER178W,v2a_historical_ethanol_stage,r_0961,1,True,0.010416437798675585,0.010416437653930983,optimal,True,1.2499725626843187e-08,1.2499725626843187e-08,Optimization terminated successfully. (HiGHS Status 7: Optimal),0.9999999861042129,optimal,0.0,0.010432178500578307,0.9999994382488271,optimal,0.0,0.00590224609976515,1.0000000139082894,optimal,0.0,0.0011804491469468957,0.9999545734905751,0.0,0.0,0.0005902225639078963,optimal
YER183C,v2a_historical_ethanol_stage,r_0084;r_1623;r_1624,3,True,0.010416437798675585,0.010416437573451445,optimal,True,1.249972553026774e-08,1.249972553026774e-08,Optimization terminated successfully. (HiGHS Status 7: Optimal),0.9999999783780076,optimal,0.0,0.010432182041545758,0.9999997776760582,optimal,0.0,0.0059022450568511145,0.9999998372104643,optimal,0.0,0.0011804472696733616,0.9999529832583648,0.0,0.0,0.0005902247704019728,optimal
YFL018C,v2a_historical_ethanol_stage,r_0501;r_0504;r_0505;r_0506;r_0507;r_0508;r_0509;r_0831;r_0832;r_0961;r_1030,11,True,0.010416437798675585,0.009125641508870854,optimal,True,9.125641278337757e-08,1.0950770197983151e-08,Optimization terminated successfully. (HiGHS Status 7: Optimal),0.8760808335101995,optimal,0.0,0.009171826959426314,0.8791856664102635,optimal,0.0,0.004444557824093996,0.7530282219318238,growth_floor_infeasible,,,,0.0,0.0,0.0005176802545270257,optimal
YFL030W,v2a_historical_ethanol_stage,r_0156,1,True,0.010416437798675585,0.010416437573556927,optimal,True,1.2499725530394316e-08,1.2499725530394316e-08,Optimization terminated successfully. (HiGHS Status 7: Optimal),0.999999978388134,optimal,0.0,0.010432214622242275,1.0000029007704543,optimal,0.0,0.005902275846430256,1.0000050537973448,optimal,0.0,0.0011805026909271375,0.9999999304193883,0.0,0.0,0.0005902812892845087,optimal
YFR019W,v2a_historical_ethanol_stage,r_2876;r_2877;r_2878;r_2879;r_2880;r_2881;r_2882;r_2883;r_3216;r_3217;r_3218;r_3219;r_3220;r_3221;r_3222;r_3223,16,True,0.010416437798675585,0.01041643765396476,optimal,True,1.249972562688372e-08,1.249972562688372e-08,Optimization terminated successfully. (HiGHS Status 7: Optimal),0.9999999861074556,optimal,0.0,0.010432221965724018,1.0000036046960648,optimal,0.0,0.00590224505685646,0.9999998372113699,optimal,0.0,0.0011804489994615554,0.9999544485562304,0.0,0.0,0.0005902227020343418,optimal
YFR021W,v2a_historical_ethanol_stage,r_3216;r_3217;r_3218;r_3219;r_3220;r_3221;r_3222;r_3223,8,True,0.010416437798675585,0.010416437653973426,optimal,True,1.249972562689412e-08,1.249972562689412e-08,Optimization terminated successfully. (HiGHS Status 7: Optimal),0.9999999861082876,optimal,0.0,0.010432178508185657,0.9999994389780464,optimal,0.0,0.00590224614499826,1.0000000215720009,optimal,0.0,0.0011804492289427507,0.999954642948993,0.0,0.0,0.0005902245280704755,optimal
YFR044C,v2a_historical_ethanol_stage,r_4214,1,True,0.010416437798675585,0.010416435877585593,optimal,True,1.2499723495228644e-08,1.2499723495228644e-08,Optimization terminated successfully. (HiGHS Status 7: Optimal),0.9999998155713087,optimal,0.0,0.0104321782864182,0.9999994177200386,optimal,0.0,0.005902243895372716,0.9999996404246313,optimal,0.0,0.00118044517915856,0.999951212390181,0.0,0.0,0.0005902224080730684,optimal
YFR055W,v2a_historical_ethanol_stage,r_4701,1,True,0.010416437798675585,0.010416437573817735,optimal,True,1.2499725530707287e-08,1.2499725530707287e-08,Optimization terminated successfully. (HiGHS Status 7: Optimal),0.9999999784131721,optimal,0.0,0.010432178486066711,0.9999994368577863,optimal,0.0,0.005902276852900928,1.0000052243206794,optimal,0.0,0.001180448999656684,0.9999544487215233,0.0,0.0,0.0005902246143236776,optimal
YGL202W,v2a_historical_ethanol_stage,r_0851;r_1056;r_1063,3,True,0.010416437798675585,0.010416437573557202,optimal,True,1.2499725530394647e-08,1.2499725530394647e-08,Optimization terminated successfully. (HiGHS Status 7: Optimal),0.9999999783881605,optimal,0.0,0.01043217881911293,0.9999994687826648,optimal,0.0,0.005902246017836012,1.000000000027279,optimal,0.0,0.001180449081472894,0.9999545180277646,0.0,0.0,0.0005902228750789052,optimal
YGL205W,v2a_historical_ethanol_stage,r_0120;r_0121;r_0122;r_0123;r_0124;r_0125;r_2236;r_2237;r_2238;r_2239;r_2240;r_2241;r_2242;r_2243;r_2244;r_2245;r_2246;r_2247,18,True,0.010416437798675585,0.010416435958033415,optimal,True,1.2499723591766033e-08,1.2499723591766033e-08,Optimization terminated successfully. (HiGHS Status 7: Optimal),0.9999998232944692,optimal,0.0,0.01043217850014987,0.9999994382077584,optimal,0.0,0.005902246026824795,1.000000001550222,optimal,0.0,0.0011804490161424629,0.9999544626865721,0.0,0.0,0.0005902265099564951,optimal
YGR012W,v2a_historical_ethanol_stage,r_4249,1,True,0.010416437798675585,0.010416437573817735,optimal,True,1.2499725530707287e-08,1.2499725530707287e-08,Optimization terminated successfully. (HiGHS Status 7: Optimal),0.9999999784131721,optimal,0.0,0.010432178486066711,0.9999994368577863,optimal,0.0,0.005902276852900928,1.0000052243206794,optimal,0.0,0.001180448999656684,0.9999544487215233,0.0,0.0,0.0005902246143236776,optimal
YGR015C,v2a_historical_ethanol_stage,r_4649,1,True,0.010416437798675585,0.010416437573580963,optimal,True,1.249972553042316e-08,1.249972553042316e-08,Optimization terminated successfully. (HiGHS Status 7: Optimal),0.9999999783904415,optimal,0.0,0.010432178819370173,0.9999994688073233,optimal,0.0,0.005902245056762542,0.9999998371954577,optimal,0.0,0.0011804472696223503,0.9999529832151534,0.0,0.0,0.0005902226502514847,optimal
YGR019W,v2a_historical_ethanol_stage,r_0068,1,True,0.010416437798675585,0.010416437573557263,optimal,True,1.249972553039472e-08,1.249972553039472e-08,Optimization terminated successfully. (HiGHS Status 7: Optimal),0.9999999783881663,optimal,0.0,0.010432178804720471,0.9999994674030439,optimal,0.0,0.005902246017801398,1.0000000000214146,optimal,0.0,0.0011804489996400515,0.9999544487074339,0.0,0.0,0.0005902246144579026,optimal
YGR046W,v2a_historical_ethanol_stage,r_2441;r_2442;r_2443;r_2444;r_2445,5,True,0.010416437798675585,0.010416437573557397,optimal,True,1.249972553039488e-08,1.249972553039488e-08,Optimization terminated successfully. (HiGHS Status 7: Optimal),0.9999999783881791,optimal,0.0,0.0104321786048755,0.9999994482464643,optimal,0.0,0.005902245056338046,0.9999998371235366,optimal,0.0,0.001180448999456209,0.9999544485517015,0.0,0.0,0.0005902247704453905,optimal
YGR088W,v2a_historical_ethanol_stage,r_0255,1,True,0.010416437798675585,0.01041642544214258,optimal,True,1.2499710972696584e-08,1.2499710972696584e-08,Optimization terminated successfully. (HiGHS Status 7: Optimal),0.9999988137467679,optimal,0.0,0.010432177045830146,0.9999992988007393,optimal,0.0,0.005902239098687567,0.9999988277365234,optimal,0.0,0.001180436543891038,0.9999438974835846,0.0,0.0,0.0005902790821856994,optimal
YGR170W,v2a_historical_ethanol_stage,r_2472;r_2473;r_2474;r_2475;r_2476;r_2477;r_2478;r_2479;r_2480;r_2481;r_2482;r_2483;r_2484;r_2485;r_2486;r_2487,16,True,0.010416437798675585,0.010416437653931167,optimal,True,1.2499725626843408e-08,1.2499725626843408e-08,Optimization terminated successfully. (HiGHS Status 7: Optimal),0.9999999861042306,optimal,0.0,0.010432178604789812,0.9999994482382505,optimal,0.0,0.0059022460175067,0.9999999999714848,optimal,0.0,0.0011804489997609834,0.9999544488098749,0.0,0.0,0.0005902245284674439,optimal
YGR193C,v2a_historical_ethanol_stage,r_0961,1,True,0.010416437798675585,0.010416437653930983,optimal,True,1.2499725626843187e-08,1.2499725626843187e-08,Optimization terminated successfully. (HiGHS Status 7: Optimal),0.9999999861042129,optimal,0.0,0.010432178500578307,0.9999994382488271,optimal,0.0,0.00590224609976515,1.0000000139082894,optimal,0.0,0.0011804491469468957,0.9999545734905751,0.0,0.0,0.0005902225639078963,optimal
YGR202C,v2a_historical_ethanol_stage,r_0274,1,True,0.010416437798675585,0.010416437654030596,optimal,True,1.2499725626962723e-08,1.2499725626962723e-08,Optimization terminated successfully. (HiGHS Status 7: Optimal),0.9999999861137759,optimal,0.0,0.010432160005019023,0.9999976653162711,optimal,0.0,0.005902246017634423,0.9999999999931246,optimal,0.0,0.0011804489995143304,0.999954448600936,0.0,0.0,0.0005902247699487068,optimal
YGR208W,v2a_historical_ethanol_stage,r_0917,1,True,0.010416437798675585,0.009990594140810284,optimal,True,1.1988713393023408e-08,1.1988713393023408e-08,Optimization terminated successfully. (HiGHS Status 7: Optimal),0.9591181106155652,optimal,0.0,0.010385245445768954,0.9955005669496012,optimal,0.0,0.005650663369745389,0.9573750997203065,optimal,0.0,0.0007276002335483775,0.6163477546587116,0.0,0.0,0.0005902196327026917,optimal
YGR209C,v2a_historical_ethanol_stage,r_0970;r_0971;r_0972;r_0973,4,True,0.010416437798675585,0.010416437653954521,optimal,True,1.2499725626871433e-08,1.2499725626871433e-08,Optimization terminated successfully. (HiGHS Status 7: Optimal),0.9999999861064727,optimal,0.0,0.010432146769046712,0.9999963965530041,optimal,0.0,0.005902243895313138,0.9999996404145371,optimal,0.0,0.0011804471876841745,0.9999529138055951,0.0,0.0,0.0005902227021248412,optimal
YGR240C,v2a_historical_ethanol_stage,r_0886,1,True,0.010416437798675585,0.010416437653893872,optimal,True,1.2499725626798655e-08,1.2499725626798655e-08,Optimization terminated successfully. (HiGHS Status 7: Optimal),0.9999999861006502,optimal,0.0,0.010432178604835389,0.9999994482426192,optimal,0.0,0.005902274730338479,1.0000048647012323,optimal,0.0,0.0011804471391089135,0.999952872657652,0.0,0.0,0.000590220495613779,optimal
YGR244C,v2a_historical_ethanol_stage,r_0668;r_1022,2,True,0.010416437798675585,0.010416437573509655,optimal,True,1.2499725530337591e-08,1.2499725530337591e-08,Optimization terminated successfully. (HiGHS Status 7: Optimal),0.9999999783835959,optimal,0.0,0.010432146562761053,0.9999963767790382,optimal,0.0,0.005902245029260579,0.9999998325358818,optimal,0.0,0.0011804472206518608,0.9999529417324133,0.0,0.0,0.0005902227364345499,optimal
YGR277C,v2a_historical_ethanol_stage,r_0841,1,True,0.010416437798675585,0.010416427408961669,optimal,True,1.2499713332879576e-08,1.7539393691811392e-14,Optimization terminated successfully. (HiGHS Status 7: Optimal),0.9999990025655492,optimal,0.0,0.010432178366864884,0.9999994254314326,optimal,0.0,0.0059022392881015705,0.999998859828375,optimal,0.0,0.0011804387635284772,0.999945777731128,0.0,0.0,0.0005902245970863941,optimal
YHL003C,v2a_historical_ethanol_stage,r_0263;r_0264;r_0265;r_0266,4,True,0.010416437798675585,0.01041643757355808,optimal,True,1.24997255303957e-08,1.24997255303957e-08,Optimization terminated successfully. (HiGHS Status 7: Optimal),0.9999999783882447,optimal,0.0,0.010432146762459536,0.999996395921576,optimal,0.0,0.005902244982868406,0.9999998246757937,optimal,0.0,0.0011804473514351824,0.9999530525185332,0.0,0.0,0.0005902248569455632,optimal
YHL032C,v2a_historical_ethanol_stage,r_0488,1,True,0.010416437798675585,0.010416437653954773,optimal,True,1.2499725626871736e-08,1.2499725626871736e-08,Optimization terminated successfully. (HiGHS Status 7: Optimal),0.9999999861064968,optimal,0.0,0.01043216951140496,0.9999985765718249,optimal,0.0,0.00590227693457269,1.000005238158083,optimal,0.0,0.0011804491470778946,0.9999545736015439,0.0,0.0,0.0005902226504017064,optimal
YHR013C,v2a_historical_ethanol_stage,r_0992,1,True,0.010416437798675585,0.010416437573817735,optimal,True,1.2499725530707287e-08,1.2499725530707287e-08,Optimization terminated successfully. (HiGHS Status 7: Optimal),0.9999999784131721,optimal,0.0,0.010432178486066711,0.9999994368577863,optimal,0.0,0.005902276852900928,1.0000052243206794,optimal,0.0,0.001180448999656684,0.9999544487215233,0.0,0.0,0.0005902246143236776,optimal
YHR037W,v2a_historical_ethanol_stage,r_0012;r_0672;r_0673,3,True,0.010416437798675585,0.010416437573568166,optimal,True,1.2499725530407804e-08,1.2499725530407804e-08,Optimization terminated successfully. (HiGHS Status 7: Optimal),0.999999978389213,optimal,0.0,0.010432169309863888,0.9999985572526617,optimal,0.0,0.005902245010845491,0.9999998294158682,optimal,0.0,0.0011804491469671837,0.9999545735077611,0.0,0.0,0.0005902246145459565,optimal
YHR100C,v2a_historical_ethanol_stage,r_2542;r_2543;r_2544;r_2545;r_2546;r_2547,6,True,0.010416437798675585,0.010416437653932013,optimal,True,1.2499725626844424e-08,1.2499725626844424e-08,Optimization terminated successfully. (HiGHS Status 7: Optimal),0.9999999861043118,optimal,0.0,0.01043217829903721,0.9999994189296616,optimal,0.0,0.005902245056797735,0.9999998372014204,optimal,0.0,0.0011804472698975078,0.9999529834482384,0.0,0.0,0.0005902245282716401,optimal
YHR128W,v2a_historical_ethanol_stage,r_1074,1,True,0.010416437798675585,0.010416437654008045,optimal,True,1.2499725626935662e-08,1.2499725626935662e-08,Optimization terminated successfully. (HiGHS Status 7: Optimal),0.999999986111611,optimal,0.0,0.010432178494700177,0.999999437685366,optimal,0.0,0.005902246017456547,0.9999999999629876,optimal,0.0,0.001180447187709448,0.9999529138270044,0.0,0.0,0.0005902227021660709,optimal
YHR137W,v2a_historical_ethanol_stage,r_2117;r_2118;r_2119;r_4660,4,True,0.010416437798675585,0.010416437653974481,optimal,True,1.2499725626895385e-08,1.2499725626895385e-08,Optimization terminated successfully. (HiGHS Status 7: Optimal),0.9999999861083888,optimal,0.0,0.010432178618404266,0.9999994495432938,optimal,0.0,0.005902245056853365,0.9999998372108456,optimal,0.0,0.0011804472699332128,0.9999529834784838,0.0,0.0,0.0005902227019629556,optimal
YHR144C,v2a_historical_ethanol_stage,r_0326;r_0327,2,True,0.010416437798675585,0.01041634112590561,optimal,True,1.2499609793208643e-08,1.2499609793208643e-08,Optimization terminated successfully. (HiGHS Status 7: Optimal),0.9999907192101711,optimal,0.0,0.01043221298324015,1.0000027436602972,optimal,0.0,0.005902189245174413,0.9999903812039653,optimal,0.0,0.0011803507109068986,0.9998711886462165,0.0,0.0,0.0005902225637522907,optimal
YIL009W,v2a_historical_ethanol_stage,r_2209;r_2210;r_2211;r_2212,4,True,0.010416437798675585,0.010416435797234759,optimal,True,1.249972339880764e-08,1.249972339880764e-08,Optimization terminated successfully. (HiGHS Status 7: Optimal),0.9999998078574591,optimal,0.0,0.010432184547649288,1.0000000179041295,optimal,0.0,0.005902244984165147,0.9999998248954968,optimal,0.0,0.0011805045030177479,1.0000014654353593,0.0,0.0,0.0005902224945875401,optimal
YIL099W,v2a_historical_ethanol_stage,r_0464,1,True,0.010416437798675585,0.010416435668636925,optimal,True,1.2499723244490234e-08,0.0,Optimization terminated successfully. (HiGHS Status 7: Optimal),0.9999997955117959,optimal,0.0,0.01043217850041443,0.9999994382331184,optimal,0.0,0.005902245010938447,0.9999998294316174,optimal,0.0,0.001180447268599788,0.9999529823489443,0.0,0.0,0.0005902248396993114,optimal
YIL124W,v2a_historical_ethanol_stage,r_2324;r_2325;r_2326;r_2327;r_2328;r_2329;r_2330;r_2331,8,True,0.010416437798675585,0.010416437573647956,optimal,True,1.2499725530503552e-08,1.2499725530503552e-08,Optimization terminated successfully. (HiGHS Status 7: Optimal),0.999999978396873,optimal,0.0,0.01043217505301566,0.9999991077751192,optimal,0.0,0.00590224510197717,0.9999998448560378,optimal,0.0,0.001180448999707177,0.9999544487642957,0.0,0.0,0.000590224770176543,optimal
YIL125W,v2a_historical_ethanol_stage,r_0831;r_0832,2,True,0.010416437798675585,0.009702094404414711,optimal,True,1.1642513697103342e-08,1.1642513697103342e-08,Optimization terminated successfully. (HiGHS Status 7: Optimal),0.9314215273908995,optimal,0.0,0.009772760914189193,0.9367895136943387,optimal,0.0,0.005095970695980339,0.8633951686730487,optimal,0.0,0.00037115074369830324,0.3144005691184955,0.0,0.0,0.0005500979721141542,optimal
YIL155C,v2a_historical_ethanol_stage,r_0490,1,True,0.010416437798675585,0.010416435877584736,optimal,True,1.2499723495227615e-08,1.2499723495227615e-08,Optimization terminated successfully. (HiGHS Status 7: Optimal),0.9999998155712264,optimal,0.0,0.010432178486284286,0.9999994368786422,optimal,0.0,0.005902245056634345,0.9999998371737376,optimal,0.0,0.0011804490159678226,0.999954462538635,0.0,0.0,0.0005902264577423783,optimal
YIL160C,v2a_historical_ethanol_stage,r_0100;r_0101;r_0102;r_0105;r_0106;r_0107;r_2283;r_2284;r_2285;r_2286;r_2287;r_2288;r_2289;r_2290;r_2291;r_2292;r_2293;r_2294,18,True,0.010416437798675585,0.010416435958033415,optimal,True,1.2499723591766033e-08,1.2499723591766033e-08,Optimization terminated successfully. (HiGHS Status 7: Optimal),0.9999998232944692,optimal,0.0,0.01043217850014987,0.9999994382077584,optimal,0.0,0.005902246026824795,1.000000001550222,optimal,0.0,0.0011804490161424629,0.9999544626865721,0.0,0.0,0.0005902265099564951,optimal
YJL005W,v2a_historical_ethanol_stage,r_0147;r_4766,2,True,0.010416437798675585,0.010416437654005467,optimal,True,1.2499725626932569e-08,1.2499725626932569e-08,Optimization terminated successfully. (HiGHS Status 7: Optimal),0.9999999861113635,optimal,0.0,0.010432169497211376,0.9999985752112677,optimal,0.0,0.005902246017348255,0.9999999999446398,optimal,0.0,0.001180447220621694,0.9999529417068591,0.0,0.0,0.0005902226503679114,optimal
YJL097W,v2a_historical_ethanol_stage,r_2168;r_2169;r_2170;r_2171;r_2172;r_2173;r_2174,7,True,0.010416437798675585,0.010416437573544428,optimal,True,1.2499725530379318e-08,1.2499725530379318e-08,Optimization terminated successfully. (HiGHS Status 7: Optimal),0.9999999783869341,optimal,0.0,0.010432146567595783,0.9999963772424818,optimal,0.0,0.005902246099761715,1.0000000139077077,optimal,0.0,0.0011804492293015553,0.9999546432529353,0.0,0.0,0.0005902812374736185,optimal
YJL121C,v2a_historical_ethanol_stage,r_0984,1,True,0.010416437798675585,0.01039128175200219,optimal,True,1.2469538543460894e-08,1.2469538543460894e-08,Optimization terminated successfully. (HiGHS Status 7: Optimal),0.9975849664578621,optimal,0.0,0.010252614736964394,0.9827869583498489,optimal,0.0,0.005887957515296156,0.9975791415105267,optimal,0.0,0.0011547276267078535,0.9781659586513137,0.0,0.0,0.0005902225744227664,optimal
YJL196C,v2a_historical_ethanol_stage,r_2154;r_2155,2,True,0.010416437798675585,0.010416437573433739,optimal,True,1.249972553024649e-08,1.249972553024649e-08,Optimization terminated successfully. (HiGHS Status 7: Optimal),0.9999999783763077,optimal,0.0,0.010432146754577749,0.9999963951660499,optimal,0.0,0.005902245011267224,0.9999998294873211,optimal,0.0,0.001180447138406936,0.9999528720630092,0.0,0.0,0.0005902246147033544,optimal
YJL200C,v2a_historical_ethanol_stage,r_4262,1,True,0.010416437798675585,0.010416437798675586,optimal,True,1.2499725800536718e-08,1.2499725800536718e-08,Optimization terminated successfully. (HiGHS Status 7: Optimal),1.0000000000000002,optimal,0.0,0.010432178805353444,0.9999994674637189,optimal,0.0,0.005902245056754216,0.9999998371940471,optimal,0.0,0.0011804489997670631,0.999954448815025,0.0,0.0,0.0005902830459624771,optimal
YJR019C,v2a_historical_ethanol_stage,r_0844;r_0845;r_0847;r_0848;r_0849;r_0850;r_2232;r_2233;r_2234;r_2235,10,True,0.010416437798675585,0.010416433956571524,optimal,True,2.2737367544323206e-13,1.249972119001168e-08,Optimization terminated successfully. (HiGHS Status 7: Optimal),0.9999996311499061,optimal,0.0,0.010432146575868342,0.9999963780354663,optimal,0.0,0.005902246063128748,1.0000000077010927,optimal,0.0,0.001180447269595861,0.9999529831927144,0.0,0.0,0.0005902286641365738,optimal
YJR051W,v2a_historical_ethanol_stage,r_4264,1,True,0.010416437798675585,0.01041643403694114,optimal,True,5.298175093093604e-13,1.2499721286455222e-08,Optimization terminated successfully. (HiGHS Status 7: Optimal),0.9999996388655586,optimal,0.0,0.010432178827059622,0.9999994695444124,optimal,0.0,0.0059022451022744,0.9999998449063965,optimal,0.0,0.0011804473516413725,0.9999530526931961,0.0,0.0,0.0005902264575851789,optimal
YJR057W,v2a_historical_ethanol_stage,r_0363,1,True,0.010416437798675585,0.010416437573707393,optimal,True,1.2499725530574876e-08,1.2499725530574876e-08,Optimization terminated successfully. (HiGHS Status 7: Optimal),0.999999978402579,optimal,0.0,0.010432178495941523,0.999999437804358,optimal,0.0,0.00590224498376994,0.999999824828538,optimal,0.0,0.001180448999641483,0.9999544487086466,0.0,0.0,0.0005902226500451416,optimal
YJR069C,v2a_historical_ethanol_stage,r_0807;r_4266;r_4267;r_4268;r_4269,5,True,0.010416437798675585,0.010416437573557182,optimal,True,1.2499725530394622e-08,1.2499725530394622e-08,Optimization terminated successfully. (HiGHS Status 7: Optimal),0.9999999783881585,optimal,0.0,0.010432178805111995,0.9999994674405743,optimal,0.0,0.005902245011111836,0.9999998294609942,optimal,0.0,0.0011804471877029138,0.9999529138214692,0.0,0.0,0.0005902227022966629,optimal
YJR105W,v2a_historical_ethanol_stage,r_0142,1,True,0.010416437798675585,0.010412677672372025,optimal,True,1.2495213648812845e-08,1.2495213648812845e-08,Optimization terminated successfully. (HiGHS Status 7: Optimal),0.9996390199436473,optimal,0.0,0.010431807335949233,0.9999638594461302,optimal,0.0,0.00590011473725765,0.9996389034935224,optimal,0.0,0.0011766126946355288,0.9967047274089782,0.0,0.0,0.0005902245280511298,optimal
YJR130C,v2a_historical_ethanol_stage,r_0311,1,True,0.010416437798675585,0.010416437573592162,optimal,True,1.24997255304366e-08,1.24997255304366e-08,Optimization terminated successfully. (HiGHS Status 7: Optimal),0.9999999783915167,optimal,0.0,0.010432178812900502,0.9999994681871588,optimal,0.0,0.00590224606326979,1.000000007724989,optimal,0.0,0.0011804472697891071,0.9999529833564125,0.0,0.0,0.0005902247010298562,optimal
YJR133W,v2a_historical_ethanol_stage,r_1091,1,True,0.010416437798675585,0.010416437573558217,optimal,True,1.2499725530395865e-08,1.2499725530395865e-08,Optimization terminated successfully. (HiGHS Status 7: Optimal),0.9999999783882579,optimal,0.0,0.01043222578049902,1.0000039703697212,optimal,0.0,0.005902245011352529,0.999999829501774,optimal,0.0,0.0011804491474677321,0.9999545739317739,0.0,0.0,0.0005902227022996955,optimal
YKL008C,v2a_historical_ethanol_stage,r_0263;r_0264;r_0265;r_0266,4,True,0.010416437798675585,0.01041643757355808,optimal,True,1.24997255303957e-08,1.24997255303957e-08,Optimization terminated successfully. (HiGHS Status 7: Optimal),0.9999999783882447,optimal,0.0,0.010432146762459536,0.999996395921576,optimal,0.0,0.005902244982868406,0.9999998246757937,optimal,0.0,0.0011804473514351824,0.9999530525185332,0.0,0.0,0.0005902248569455632,optimal
YKL029C,v2a_historical_ethanol_stage,r_0718;r_0719,2,True,0.010416437798675585,0.010227432546935547,optimal,True,1.2272919490426337e-08,1.2272919490426337e-08,Optimization terminated successfully. (HiGHS Status 7: Optimal),0.9818550971653602,optimal,0.0,0.010409865597710788,0.9978605858191086,optimal,0.0,0.005793170276301493,0.981519621336205,optimal,0.0,0.0009841126650761076,0.8336385881747113,0.0,0.0,0.0005902246145900495,optimal
YKL060C,v2a_historical_ethanol_stage,r_0322;r_0450;r_0990,3,True,0.010416437798675585,0.0,optimal,True,4.551914400963142e-14,0.0,Optimization terminated successfully. (HiGHS Status 7: Optimal),0.0,growth_floor_infeasible,,,,growth_floor_infeasible,,,,growth_floor_infeasible,,,,0.0,0.0,0.011283785051593269,optimal
YKL069W,v2a_historical_ethanol_stage,r_4202,1,True,0.010416437798675585,0.010416435797370194,optimal,True,1.2499723398970162e-08,1.2499723398970162e-08,Optimization terminated successfully. (HiGHS Status 7: Optimal),0.9999998078704612,optimal,0.0,0.010432178819576155,0.9999994688270682,optimal,0.0,0.005902244984051212,0.9999998248761931,optimal,0.0,0.0011804473518301976,0.9999530528531493,0.0,0.0,0.000590224787618066,optimal
YKL085W,v2a_historical_ethanol_stage,r_0713,1,True,0.010416437798675585,0.010416437653930898,optimal,True,1.2499725626843086e-08,1.2499725626843086e-08,Optimization terminated successfully. (HiGHS Status 7: Optimal),0.9999999861042048,optimal,0.0,0.010432178827157825,0.9999994695538259,optimal,0.0,0.005902246145106451,1.0000000215903313,optimal,0.0,0.0011804492290700187,0.9999546430568014,0.0,0.0,0.0005902246145728415,optimal
YKL094W,v2a_historical_ethanol_stage,r_3308;r_3309;r_3310;r_3311,4,True,0.010416437798675585,0.010416437573556989,optimal,True,1.2499725530394392e-08,1.2499725530394392e-08,Optimization terminated successfully. (HiGHS Status 7: Optimal),0.99999997838814,optimal,0.0,0.010432178617674382,0.9999994494733293,optimal,0.0,0.00590224609963604,1.0000000138864147,optimal,0.0,0.0011804492288588053,0.9999546428778832,0.0,0.0,0.0005902248569798394,optimal
YKL141W,v2a_historical_ethanol_stage,r_1021,1,True,0.010416437798675585,0.0,optimal,True,1.5093028607712526e-13,4.794836154268111e-13,Optimization terminated successfully. (HiGHS Status 7: Optimal),0.0,growth_floor_infeasible,,,,growth_floor_infeasible,,,,growth_floor_infeasible,,,,0.0,0.0,0.0014795771834713236,optimal
YKL184W,v2a_historical_ethanol_stage,r_0817,1,True,0.010416437798675585,0.010416437653931819,optimal,True,1.2499725626844191e-08,1.2499725626844191e-08,Optimization terminated successfully. (HiGHS Status 7: Optimal),0.9999999861042932,optimal,0.0,0.010432169317858805,0.9999985580190321,optimal,0.0,0.005902246063227506,1.000000007717825,optimal,0.0,0.0011804472203635098,0.9999529414881523,0.0,0.0,0.0005902227024570535,optimal
YKL212W,v2a_historical_ethanol_stage,r_0993;r_3128;r_3129;r_3130;r_3131;r_3132;r_3133;r_3134;r_3135;r_3136;r_3137;r_3138;r_3139;r_3140;r_3141;r_3142;r_3143;r_3160;r_3161;r_3162;r_3163;r_3164;r_3165;r_3166;r_3167;r_3168;r_3169;r_3170;r_3171;r_3172;r_3173;r_3174;r_3175,33,True,0.010416437798675585,0.010416437653873642,optimal,True,1.2499725626774379e-08,1.2499725626774379e-08,Optimization terminated successfully. (HiGHS Status 7: Optimal),0.999999986098708,optimal,0.0,0.010432184348327682,0.9999999987977182,optimal,0.0,0.005902274730584293,1.0000048647428796,optimal,0.0,0.0011805006822366254,0.99999822886429,0.0,0.0,0.0005902790828255257,optimal
YKL215C,v2a_historical_ethanol_stage,r_4205,1,True,0.010416437798675585,0.010416437573641898,optimal,True,1.2499725530496283e-08,1.2499725530496283e-08,Optimization terminated successfully. (HiGHS Status 7: Optimal),0.9999999783962915,optimal,0.0,0.010432178612464253,0.9999994489739009,optimal,0.0,0.005902243941123247,0.9999996481760078,optimal,0.0,0.0011804452615535106,0.9999512821866716,0.0,0.0,0.0005902206685541136,optimal
YKR009C,v2a_historical_ethanol_stage,r_0057;r_2248;r_2249;r_2250;r_2251;r_2252;r_2253;r_2254;r_2255;r_2256;r_2257;r_2258;r_2259;r_2260;r_2261;r_2262;r_2263;r_2264;r_2265;r_2266;r_2267;r_2268;r_2269;r_2270;r_2271;r_2272;r_2273;r_2274;r_2275;r_2276;r_2277;r_2278;r_2279;r_2280;r_2281;r_2282,36,True,0.010416437798675585,0.010416435958033415,optimal,True,1.2499723591766033e-08,1.2499723591766033e-08,Optimization terminated successfully. (HiGHS Status 7: Optimal),0.9999998232944692,optimal,0.0,0.010432178500149429,0.9999994382077161,optimal,0.0,0.005902246026824795,1.000000001550222,optimal,0.0,0.0011804490161424629,0.9999544626865721,0.0,0.0,0.0005902265099564951,optimal
YKR031C,v2a_historical_ethanol_stage,r_3104;r_3105;r_3106;r_3107;r_3108;r_3109;r_3110;r_3111,8,True,0.010416437798675585,0.010416437573557367,optimal,True,1.2499725530394846e-08,1.2499725530394846e-08,Optimization terminated successfully. (HiGHS Status 7: Optimal),0.9999999783881763,optimal,0.0,0.010432169297341646,0.9999985560523147,optimal,0.0,0.005902244983613316,0.9999998248020017,optimal,0.0,0.0011805045849042736,1.0000015348011648,0.0,0.0,0.0005902205822111183,optimal
YKR043C,v2a_historical_ethanol_stage,r_2126,1,True,0.010416437798675585,0.010416437573557348,optimal,True,1.2499725530394822e-08,1.2499725530394822e-08,Optimization terminated successfully. (HiGHS Status 7: Optimal),0.9999999783881744,optimal,0.0,0.010432178804752713,0.9999994674061345,optimal,0.0,0.005902246099788599,1.0000000139122625,optimal,0.0,0.0011804489992701186,0.999954448394065,0.0,0.0,0.0005902246147092779,optimal
YKR080W,v2a_historical_ethanol_stage,r_0731,1,True,0.010416437798675585,0.010360288104348895,optimal,True,1.2432346164961413e-08,1.2432346164961413e-08,Optimization terminated successfully. (HiGHS Status 7: Optimal),0.9946095109084384,optimal,0.0,0.010426609902411467,0.9994656480114031,optimal,0.0,0.005870257718581134,0.9945803175607936,optimal,0.0,0.0011228701430221898,0.9511795894428027,0.0,0.0,0.0005902199270695413,optimal
YKR089C,v2a_historical_ethanol_stage,r_3316;r_3317;r_3318;r_3319;r_3320;r_3321;r_3322;r_3323;r_3324;r_3325;r_3326;r_3327;r_3328;r_3329;r_3330;r_3331,16,True,0.010416437798675585,0.010416437573581273,optimal,True,1.2499725530423532e-08,1.2499725530423532e-08,Optimization terminated successfully. (HiGHS Status 7: Optimal),0.9999999783904713,optimal,0.0,0.010432146769129763,0.9999963965609653,optimal,0.0,0.0059022460996504015,1.000000013888848,optimal,0.0,0.0011804491470688199,0.9999545735938566,0.0,0.0,0.0005902246147199846,optimal
YKR097W,v2a_historical_ethanol_stage,r_0884,1,True,0.010416437798675585,0.0,optimal,True,1.7926417561581435e-13,1.8850661100868866e-13,Optimization terminated successfully. (HiGHS Status 7: Optimal),0.0,growth_floor_infeasible,,,,growth_floor_infeasible,,,,growth_floor_infeasible,,,,0.0,0.0,0.011283785051580762,optimal
YLL012W,v2a_historical_ethanol_stage,r_3254;r_3255;r_3256;r_3257;r_3258;r_3259;r_3260;r_3261,8,True,0.010416437798675585,0.01041643765398723,optimal,True,1.2499725626910683e-08,1.2499725626910683e-08,Optimization terminated successfully. (HiGHS Status 7: Optimal),0.9999999861096127,optimal,0.0,0.010432184237496768,0.9999999881737769,optimal,0.0,0.005902274775881098,1.000004872417383,optimal,0.0,0.0011805045849106054,1.0000015348065283,0.0,0.0,0.0005902832015565981,optimal
YLL041C,v2a_historical_ethanol_stage,r_1021,1,True,0.010416437798675585,0.0,optimal,True,1.5093028607712526e-13,4.794836154268111e-13,Optimization terminated successfully. (HiGHS Status 7: Optimal),0.0,growth_floor_infeasible,,,,growth_floor_infeasible,,,,growth_floor_infeasible,,,,0.0,0.0,0.0014795771834713236,optimal
YLR011W,v2a_historical_ethanol_stage,r_0441;r_0442,2,True,0.010416437798675585,0.010416437573558257,optimal,True,1.2499725530395913e-08,1.2499725530395913e-08,Optimization terminated successfully. (HiGHS Status 7: Optimal),0.9999999783882617,optimal,0.0,0.010432184229337099,0.9999999873916139,optimal,0.0,0.0059022768525463926,1.0000052242606114,optimal,0.0,0.0011805045030746112,1.000001465483528,0.0,0.0,0.0005902247010635094,optimal
YLR020C,v2a_historical_ethanol_stage,r_3262;r_3263,2,True,0.010416437798675585,0.01041643757366383,optimal,True,1.2499725530522602e-08,1.2499725530522602e-08,Optimization terminated successfully. (HiGHS Status 7: Optimal),0.999999978398397,optimal,0.0,0.0104321845575624,1.0000000188543727,optimal,0.0,0.0059022450290979744,0.9999998325083322,optimal,0.0,0.0011804489995265624,0.9999544486112977,0.0,0.0,0.000590222650468909,optimal
YLR056W,v2a_historical_ethanol_stage,r_0242,1,True,0.010416437798675585,0.010416435797163379,optimal,True,1.2499723398721983e-08,1.2499723398721983e-08,Optimization terminated successfully. (HiGHS Status 7: Optimal),0.9999998078506065,optimal,0.0,0.01043221677719961,1.0000031073386342,optimal,0.0,0.005902246099588208,1.0000000138783107,optimal,0.0,0.0011804489993376137,0.9999544484512398,0.0,0.0,0.0005902266829877468,optimal
YLR058C,v2a_historical_ethanol_stage,r_0502,1,True,0.010416437798675585,0.01028416267670983,optimal,True,1.2340995648563388e-08,1.2340995648563388e-08,Optimization terminated successfully. (HiGHS Status 7: Optimal),0.9873013092841996,optimal,0.0,0.010417860948769153,0.9986269977978265,optimal,0.0,0.005826331410263469,0.9871380137011911,optimal,0.0,0.0010438025582385664,0.8842016995237592,0.0,0.0,0.0005902247683116275,optimal
YLR089C,v2a_historical_ethanol_stage,r_0674,1,True,0.010416437798675585,0.010412461160014597,optimal,True,1.2494953833974742e-08,1.2494953833974742e-08,Optimization terminated successfully. (HiGHS Status 7: Optimal),0.9996182343006461,optimal,0.0,0.010431791596172257,0.9999623506751545,optimal,0.0,0.005899991963867792,0.9996181023629883,optimal,0.0,0.0011764472065555137,0.9965645430029856,0.0,0.0,0.0005902225644360711,optimal
YLR109W,v2a_historical_ethanol_stage,r_0552,1,True,0.010416437798675585,0.010416437653930983,optimal,True,1.2499725626843187e-08,1.2499725626843187e-08,Optimization terminated successfully. (HiGHS Status 7: Optimal),0.9999999861042129,optimal,0.0,0.010432181819350973,0.9999997563770878,optimal,0.0,0.005902246063386271,1.0000000077447242,optimal,0.0,0.0011804471385319874,0.9999528721689398,0.0,0.0,0.0005902225636581679,optimal
YLR133W,v2a_historical_ethanol_stage,r_0273,1,True,0.010416437798675585,0.010416437653964754,optimal,True,1.2499725626883714e-08,1.2499725626883714e-08,Optimization terminated successfully. (HiGHS Status 7: Optimal),0.9999999861074551,optimal,0.0,0.010432178819049244,0.99999946877656,optimal,0.0,0.005902275891887283,1.0000050614989937,optimal,0.0,0.0011804490813897787,0.9999545179573578,0.0,0.0,0.0005902246837253585,optimal
YLR142W,v2a_historical_ethanol_stage,r_0940,1,True,0.010416437798675585,0.010416437573568166,optimal,True,1.2499725530407804e-08,1.2499725530407804e-08,Optimization terminated successfully. (HiGHS Status 7: Optimal),0.999999978389213,optimal,0.0,0.010432169309863888,0.9999985572526617,optimal,0.0,0.005902245010845491,0.9999998294158682,optimal,0.0,0.0011804491469671837,0.9999545735077611,0.0,0.0,0.0005902246145459565,optimal
YLR174W,v2a_historical_ethanol_stage,r_0659,1,True,0.010416437798675585,0.01039992924433083,optimal,True,1.2479915534622304e-08,1.2479915534622304e-08,Optimization terminated successfully. (HiGHS Status 7: Optimal),0.9984151439615131,optimal,0.0,0.010112689214222832,0.969374089299489,optimal,0.0,0.00561021412500013,0.9505219044071784,optimal,0.0,0.0011078219205233474,0.9384322898665862,0.0,0.0,0.0005619666392835435,optimal
YLR209C,v2a_historical_ethanol_stage,r_0943;r_0949;r_0950;r_0951;r_4749;r_4758,6,True,0.010416437798675585,0.010416432483219757,optimal,True,1.2499719421989497e-08,1.2499719421989497e-08,Optimization terminated successfully. (HiGHS Status 7: Optimal),0.9999994897050287,optimal,0.0,0.010432178302212677,0.999999419234053,optimal,0.0,0.005902243133345034,0.9999995113165462,optimal,0.0,0.0011804419960484906,0.9999485159881547,0.0,0.0,0.0005902246145969216,optimal
YLR240W,v2a_historical_ethanol_stage,r_2852;r_2853;r_2854;r_2855;r_2856;r_2857;r_2858;r_2859,8,True,0.010416437798675585,0.01041643765393099,optimal,True,1.2499725626843195e-08,1.2499725626843195e-08,Optimization terminated successfully. (HiGHS Status 7: Optimal),0.9999999861042136,optimal,0.0,0.01043217849416667,0.9999994376342255,optimal,0.0,0.00590224606332702,1.0000000077346853,optimal,0.0,0.001180449081386634,0.999954517954694,0.0,0.0,0.000590224614168987,optimal
YLR245C,v2a_historical_ethanol_stage,r_0314;r_0329,2,True,0.010416437798675585,0.010416437589679499,optimal,True,1.2499725549741404e-08,0.0,Optimization terminated successfully. (HiGHS Status 7: Optimal),0.9999999799359349,optimal,0.0,0.010432184347927895,0.9999999987593958,optimal,0.0,0.005902244938304492,0.9999998171254624,optimal,0.0,0.0011805026916943016,0.9999999310692504,0.0,0.0,0.000590222685086971,optimal
YLR284C,v2a_historical_ethanol_stage,r_2295;r_2296;r_2297;r_2298;r_2299;r_2300,6,True,0.010416437798675585,0.010416437653931866,optimal,True,1.2499725626844247e-08,1.2499725626844247e-08,Optimization terminated successfully. (HiGHS Status 7: Optimal),0.9999999861042977,optimal,0.0,0.010432178286262306,0.999999417705095,optimal,0.0,0.0059022460992579125,1.0000000138223497,optimal,0.0,0.0011804471385327576,0.9999528721695923,0.0,0.0,0.0005902225637771988,optimal
YLR304C,v2a_historical_ethanol_stage,r_0280;r_0302;r_0303;r_2305,4,True,0.010416437798675585,0.01041643579699041,optimal,True,1.249972339851442e-08,1.249972339851442e-08,Optimization terminated successfully. (HiGHS Status 7: Optimal),0.999999807834001,optimal,0.0,0.010432178617356685,0.9999994494428757,optimal,0.0,0.00590224614522193,1.0000000216098965,optimal,0.0,0.0011804471880556863,0.9999529141203016,0.0,0.0,0.0005902246146195015,optimal
YLR372W,v2a_historical_ethanol_stage,r_2160,1,True,0.010416437798675585,0.0104164338279418,optimal,True,4.547473508864641e-13,0.0,Optimization terminated successfully. (HiGHS Status 7: Optimal),0.9999996188011812,optimal,0.0,0.01043217860504257,0.9999994482624791,optimal,0.0,0.0059022450292748,0.9999998325382913,optimal,0.0,0.0011804472204484657,0.999952941560118,0.0,0.0,0.0005902267693699925,optimal
YLR377C,v2a_historical_ethanol_stage,r_0449,1,True,0.010416437798675585,0.010416437573557192,optimal,True,1.2499725530394635e-08,1.2499725530394635e-08,Optimization terminated successfully. (HiGHS Status 7: Optimal),0.9999999783881595,optimal,0.0,0.010432178299461813,0.9999994189703628,optimal,0.0,0.005902246099416137,1.0000000138491572,optimal,0.0,0.0011804491471961252,0.9999545737016966,0.0,0.0,0.0005902227022373276,optimal
YLR386W,v2a_historical_ethanol_stage,r_3216;r_3217;r_3218;r_3219;r_3220;r_3221;r_3222;r_3223,8,True,0.010416437798675585,0.010416437653973426,optimal,True,1.249972562689412e-08,1.249972562689412e-08,Optimization terminated successfully. (HiGHS Status 7: Optimal),0.9999999861082876,optimal,0.0,0.010432178508185657,0.9999994389780464,optimal,0.0,0.00590224614499826,1.0000000215720009,optimal,0.0,0.0011804492289427507,0.999954642948993,0.0,0.0,0.0005902245280704755,optimal
YLR410W,v2a_historical_ethanol_stage,r_0088;r_0089,2,True,0.010416437798675585,0.010416437573580996,optimal,True,1.24997255304232e-08,1.24997255304232e-08,Optimization terminated successfully. (HiGHS Status 7: Optimal),0.9999999783904446,optimal,0.0,0.010432178804377181,0.9999994673701371,optimal,0.0,0.005902243895384487,0.9999996404266256,optimal,0.0,0.0011804489993966767,0.9999544485012719,0.0,0.0,0.0005902246148391198,optimal
YLR438W,v2a_historical_ethanol_stage,r_0819,1,True,0.010416437798675585,0.01041402931263393,optimal,True,1.2496835617184502e-08,1.2496835617184502e-08,Optimization terminated successfully. (HiGHS Status 7: Optimal),0.9997687802597965,optimal,0.0,0.010431462225167184,0.9999307780923015,optimal,0.0,0.005900880080103819,0.9997685732571814,optimal,0.0,0.0011779903114424134,0.9978717020559797,0.0,0.0,0.0005902226508109267,optimal
YML004C,v2a_historical_ethanol_stage,r_0697,1,True,0.010416437798675585,0.010416437798675585,optimal,True,1.2499725800536716e-08,1.2499725800536716e-08,Optimization terminated successfully. (HiGHS Status 7: Optimal),1.0,optimal,0.0,0.010432184360870107,1.0,optimal,0.0,0.005902246017675004,1.0,optimal,0.0,0.0011805027730672425,1.0,0.0,0.0,0.0005902829593877827,optimal
YML008C,v2a_historical_ethanol_stage,r_0986,1,True,0.010416437798675585,0.010416437573509556,optimal,True,1.2499725530337472e-08,1.2499725530337472e-08,Optimization terminated successfully. (HiGHS Status 7: Optimal),0.9999999783835863,optimal,0.0,0.010432178500983892,0.9999994382877054,optimal,0.0,0.005902246017872628,1.0000000000334828,optimal,0.0,0.0011804489998814244,0.9999544489119001,0.0,0.0,0.0005902833571395959,optimal
YML035C,v2a_historical_ethanol_stage,r_0143,1,True,0.010416437798675585,0.010416437653930974,optimal,True,1.2499725626843177e-08,1.2499725626843177e-08,Optimization terminated successfully. (HiGHS Status 7: Optimal),0.9999999861042121,optimal,0.0,0.010432146769268865,0.9999963965742992,optimal,0.0,0.005902246099618951,1.0000000138835194,optimal,0.0,0.0011804489994151918,0.999954448516956,0.0,0.0,0.000590224683759664,optimal
YML042W,v2a_historical_ethanol_stage,r_0253;r_0254,2,True,0.010416437798675585,0.01041643395656634,optimal,True,4.547473508864641e-13,1.2499721190005458e-08,Optimization terminated successfully. (HiGHS Status 7: Optimal),0.9999996311494083,optimal,0.0,0.010432178288118195,0.9999994178829953,optimal,0.0,0.005902244983655501,0.999999824809149,optimal,0.0,0.00118044713875444,0.9999528723573787,0.0,0.0,0.0005902265445619551,optimal
YML059C,v2a_historical_ethanol_stage,r_3022;r_3023;r_3024;r_3025;r_3026;r_3027;r_3028;r_3029;r_3030;r_3031;r_3032;r_3033,12,True,0.010416437798675585,0.010416437653930953,optimal,True,1.2499725626843152e-08,1.2499725626843152e-08,Optimization terminated successfully. (HiGHS Status 7: Optimal),0.9999999861042101,optimal,0.0,0.01043217880507651,0.9999994674371727,optimal,0.0,0.005902246017711708,1.0000000000062186,optimal,0.0,0.0011804489995886538,0.999954448663895,0.0,0.0,0.0005902245283776776,optimal
YML120C,v2a_historical_ethanol_stage,r_0773,1,True,0.010416437798675585,0.01041643757355808,optimal,True,1.24997255303957e-08,1.24997255303957e-08,Optimization terminated successfully. (HiGHS Status 7: Optimal),0.9999999783882447,optimal,0.0,0.01043217881927004,0.9999994687977248,optimal,0.0,0.005902245102098483,0.9999998448765913,optimal,0.0,0.001180502691207085,0.9999999306565309,0.0,0.0,0.0005902812890892064,optimal
YMR008C,v2a_historical_ethanol_stage,r_3034;r_3035;r_3036;r_3037;r_3038;r_3039;r_3040;r_3041;r_3042;r_3043;r_3044;r_3045,12,True,0.010416437798675585,0.010416437573557187,optimal,True,1.2499725530394629e-08,1.2499725530394629e-08,Optimization terminated successfully. (HiGHS Status 7: Optimal),0.999999978388159,optimal,0.0,0.010432178804708125,0.9999994674018605,optimal,0.0,0.005902246017819051,1.0000000000244054,optimal,0.0,0.0011804491472699255,0.9999545737642126,0.0,0.0,0.0005902248563711815,optimal
YMR015C,v2a_historical_ethanol_stage,r_0233,1,True,0.010416437798675585,0.010416435797163379,optimal,True,1.2499723398721983e-08,1.2499723398721983e-08,Optimization terminated successfully. (HiGHS Status 7: Optimal),0.9999998078506065,optimal,0.0,0.01043221677719961,1.0000031073386342,optimal,0.0,0.005902246099588208,1.0000000138783107,optimal,0.0,0.0011804489993376137,0.9999544484512398,0.0,0.0,0.0005902266829877468,optimal
YMR110C,v2a_historical_ethanol_stage,r_4291;r_4292;r_4293;r_4294;r_4295;r_4296;r_4297;r_4298;r_4299;r_4300;r_4301;r_4302;r_4303;r_4304;r_4305;r_4306;r_4307,17,True,0.010416437798675585,0.010416435668613203,optimal,True,1.2499723244461767e-08,0.0,Optimization terminated successfully. (HiGHS Status 7: Optimal),0.9999997955095185,optimal,0.0,0.010432178625901995,0.9999994502620052,optimal,0.0,0.005902244983741471,0.9999998248237146,optimal,0.0,0.0011804489991384223,0.9999544482825056,0.0,0.0,0.0005902266655311892,optimal
YMR165C,v2a_historical_ethanol_stage,r_2344;r_2345;r_2346;r_2347;r_2348;r_2349;r_2350;r_2351,8,True,0.010416437798675585,0.01041643757355712,optimal,True,1.249972553039455e-08,1.249972553039455e-08,Optimization terminated successfully. (HiGHS Status 7: Optimal),0.9999999783881527,optimal,0.0,0.010432227110182402,1.0000040978294493,optimal,0.0,0.005902245102323981,0.9999998449147969,optimal,0.0,0.001180447351621415,0.9999530526762902,0.0,0.0,0.0005902228754498075,optimal
YMR189W,v2a_historical_ethanol_stage,r_0501;r_0504;r_0506;r_0507;r_0508;r_0509;r_1030,7,True,0.010416437798675585,0.010416437573451445,optimal,True,1.249972553026774e-08,1.249972553026774e-08,Optimization terminated successfully. (HiGHS Status 7: Optimal),0.9999999783780076,optimal,0.0,0.010432182041545758,0.9999997776760582,optimal,0.0,0.0059022450568511145,0.9999998372104643,optimal,0.0,0.0011804472696733616,0.9999529832583648,0.0,0.0,0.0005902247704019728,optimal
YMR202W,v2a_historical_ethanol_stage,r_0243,1,True,0.010416437798675585,0.010416437653931894,optimal,True,1.249972562684428e-08,1.249972562684428e-08,Optimization terminated successfully. (HiGHS Status 7: Optimal),0.9999999861043004,optimal,0.0,0.010432178486133354,0.9999994368641745,optimal,0.0,0.005902245056725504,0.9999998371891824,optimal,0.0,0.0011804489994672392,0.9999544485610452,0.0,0.0,0.0005902227022293572,optimal
YMR205C,v2a_historical_ethanol_stage,r_0886,1,True,0.010416437798675585,0.010416437653893872,optimal,True,1.2499725626798655e-08,1.2499725626798655e-08,Optimization terminated successfully. (HiGHS Status 7: Optimal),0.9999999861006502,optimal,0.0,0.010432178604835389,0.9999994482426192,optimal,0.0,0.005902274730338479,1.0000048647012323,optimal,0.0,0.0011804471391089135,0.999952872657652,0.0,0.0,0.000590220495613779,optimal
YMR250W,v2a_historical_ethanol_stage,r_0469,1,True,0.010416437798675585,0.010416437573484094,optimal,True,1.2499725530306918e-08,1.2499725530306918e-08,Optimization terminated successfully. (HiGHS Status 7: Optimal),0.999999978381142,optimal,0.0,0.01043217860487902,0.9999994482468016,optimal,0.0,0.005902245011106678,0.9999998294601202,optimal,0.0,0.0011805045030653877,1.0000014654757148,0.0,0.0,0.000590283201476415,optimal
YMR267W,v2a_historical_ethanol_stage,r_0569,1,True,0.010416437798675585,0.009964037404508458,optimal,True,1.1956845308334016e-08,1.1956845308334016e-08,Optimization terminated successfully. (HiGHS Status 7: Optimal),0.956568607914632,optimal,0.0,0.009961219296923613,0.9548546068920112,optimal,0.0,0.005383211686187639,0.912061555900406,optimal,0.0,0.0006669754945084095,0.5649927384545144,0.0,0.0,0.0005639236406778982,optimal
YMR298W,v2a_historical_ethanol_stage,r_0263;r_0264;r_0265;r_0266,4,True,0.010416437798675585,0.01041643757355808,optimal,True,1.24997255303957e-08,1.24997255303957e-08,Optimization terminated successfully. (HiGHS Status 7: Optimal),0.9999999783882447,optimal,0.0,0.010432146762459536,0.999996395921576,optimal,0.0,0.005902244982868406,0.9999998246757937,optimal,0.0,0.0011804473514351824,0.9999530525185332,0.0,0.0,0.0005902248569455632,optimal
YMR303C,v2a_historical_ethanol_stage,r_0163,1,True,0.010416437798675585,0.0,infeasible,False,,,The problem is infeasible. (HiGHS Status 8: model_status is Infeasible; primal_status is None),0.0,growth_floor_infeasible,,,,growth_floor_infeasible,,,,growth_floor_infeasible,,,,0.0,,,mutant_infeasible
YMR313C,v2a_historical_ethanol_stage,r_3296;r_3298;r_3299;r_3300;r_3301;r_3302;r_3303;r_3312;r_3313;r_3314;r_3315,11,True,0.010416437798675585,0.01041643779863226,optimal,True,1.2499725800484726e-08,1.2499725800484726e-08,Optimization terminated successfully. (HiGHS Status 7: Optimal),0.9999999999958408,optimal,0.0,0.010432178486225522,0.9999994368730094,optimal,0.0,0.005902244983740635,0.999999824823573,optimal,0.0,0.0011804492288296515,0.9999546428531871,0.0,0.0,0.0005902224078993771,optimal
YNL009W,v2a_historical_ethanol_stage,r_0661,1,True,0.010416437798675585,0.010416437653930992,optimal,True,1.2499725626843198e-08,1.2499725626843198e-08,Optimization terminated successfully. (HiGHS Status 7: Optimal),0.9999999861042138,optimal,0.0,0.01043217880456786,0.999999467388415,optimal,0.0,0.0059022460175783996,0.9999999999836326,optimal,0.0,0.0011804451791280497,0.9999512123643359,0.0,0.0,0.0005902245276994632,optimal
YNL036W,v2a_historical_ethanol_stage,r_1667,1,True,0.010416437798675585,0.010416437573583409,optimal,True,1.2499725530426095e-08,1.2499725530426095e-08,Optimization terminated successfully. (HiGHS Status 7: Optimal),0.9999999783906763,optimal,0.0,0.010432178812961842,0.9999994681930386,optimal,0.0,0.0059022450111949985,0.9999998294750841,optimal,0.0,0.0011804471879166018,0.9999529140024837,0.0,0.0,0.0005902227022640282,optimal
YNL037C,v2a_historical_ethanol_stage,r_0658,1,True,0.010416437798675585,0.010205460236045152,optimal,True,1.2246552716425248e-08,1.2246552716425248e-08,Optimization terminated successfully. (HiGHS Status 7: Optimal),0.9797457089738243,optimal,0.0,0.010432178299010046,0.9999994189270578,optimal,0.0,0.005853208734396882,0.9916917588437905,optimal,0.0,0.0009729491365287971,0.8241820000141389,0.0,0.0,0.0005976723423369034,optimal
YNL054W,v2a_historical_ethanol_stage,r_3216;r_3217;r_3218;r_3219;r_3220;r_3221;r_3222;r_3223,8,True,0.010416437798675585,0.010416437653973426,optimal,True,1.249972562689412e-08,1.249972562689412e-08,Optimization terminated successfully. (HiGHS Status 7: Optimal),0.9999999861082876,optimal,0.0,0.010432178508185657,0.9999994389780464,optimal,0.0,0.00590224614499826,1.0000000215720009,optimal,0.0,0.0011804492289427507,0.999954642948993,0.0,0.0,0.0005902245280704755,optimal
YNL071W,v2a_historical_ethanol_stage,r_0961,1,True,0.010416437798675585,0.010416437653930983,optimal,True,1.2499725626843187e-08,1.2499725626843187e-08,Optimization terminated successfully. (HiGHS Status 7: Optimal),0.9999999861042129,optimal,0.0,0.010432178500578307,0.9999994382488271,optimal,0.0,0.00590224609976515,1.0000000139082894,optimal,0.0,0.0011804491469468957,0.9999545734905751,0.0,0.0,0.0005902225639078963,optimal
YNL104C,v2a_historical_ethanol_stage,r_0025,1,True,0.010416437798675585,0.010416437573557369,optimal,True,1.2499725530394847e-08,1.2499725530394847e-08,Optimization terminated successfully. (HiGHS Status 7: Optimal),0.9999999783881764,optimal,0.0,0.010432178604765207,0.9999994482358918,optimal,0.0,0.005902245056635383,0.9999998371739136,optimal,0.0,0.0011804472703691015,0.9999529838477238,0.0,0.0,0.000590222788558938,optimal
YNL117W,v2a_historical_ethanol_stage,r_0717,1,True,0.010416437798675585,0.010416437573557195,optimal,True,1.2499725530394639e-08,1.2499725530394639e-08,Optimization terminated successfully. (HiGHS Status 7: Optimal),0.9999999783881598,optimal,0.0,0.010432178508451203,0.999999439003501,optimal,0.0,0.0059022460628008165,1.0000000076455324,optimal,0.0,0.0011804472702428336,0.9999529837407627,0.0,0.0,0.0005902227882202669,optimal
YNL141W,v2a_historical_ethanol_stage,r_0138;r_0140;r_0328,3,True,0.010416437798675585,0.010416437653973685,optimal,True,1.249972562689443e-08,1.249972562689443e-08,Optimization terminated successfully. (HiGHS Status 7: Optimal),0.9999999861083124,optimal,0.0,0.01043217849589462,0.9999994377998621,optimal,0.0,0.005902246099638672,1.0000000138868608,optimal,0.0,0.001180447269539368,0.9999529831448594,0.0,0.0,0.0005902246836889077,optimal
YNL169C,v2a_historical_ethanol_stage,r_2464;r_2465;r_2466;r_2467;r_2468;r_2469;r_2470;r_2471,8,True,0.010416437798675585,0.01041643765395484,optimal,True,1.2499725626871817e-08,1.2499725626871817e-08,Optimization terminated successfully. (HiGHS Status 7: Optimal),0.9999999861065033,optimal,0.0,0.010432146754910105,0.9999963951979086,optimal,0.0,0.0059022460177382335,1.0000000000107128,optimal,0.0,0.0011804489994525127,0.9999544485485704,0.0,0.0,0.0005902245279997404,optimal
YNL191W,v2a_historical_ethanol_stage,r_4171,1,True,0.010416437798675585,0.010416437573528003,optimal,True,1.249972553035961e-08,1.249972553035961e-08,Optimization terminated successfully. (HiGHS Status 7: Optimal),0.9999999783853573,optimal,0.0,0.010432178819294983,0.9999994688001158,optimal,0.0,0.005902246017679142,1.0000000000007012,optimal,0.0,0.0011804471385677075,0.9999528721991983,0.0,0.0,0.0005902226502632138,optimal
YNL202W,v2a_historical_ethanol_stage,r_2303;r_2304,2,True,0.010416437798675585,0.010416437653930992,optimal,True,1.2499725626843198e-08,1.2499725626843198e-08,Optimization terminated successfully. (HiGHS Status 7: Optimal),0.9999999861042138,optimal,0.0,0.01043217880456786,0.999999467388415,optimal,0.0,0.0059022460175783996,0.9999999999836326,optimal,0.0,0.0011804451791280497,0.9999512123643359,0.0,0.0,0.0005902245276994632,optimal
YNL241C,v2a_historical_ethanol_stage,r_0466,1,True,0.010416437798675585,0.010416435748949762,optimal,True,1.2499723340865641e-08,1.0416435748949761e-08,Optimization terminated successfully. (HiGHS Status 7: Optimal),0.9999998032219976,optimal,0.0,0.010249456525859551,0.9824842210710973,optimal,0.0,0.005902246017190816,0.9999999999179656,optimal,0.0,0.0011804490818361057,0.9999545183354399,0.0,0.0,0.0005902266654885026,optimal
YNL267W,v2a_historical_ethanol_stage,r_2836;r_2837;r_2838;r_2839;r_2840;r_2841;r_2842;r_2843;r_2844;r_2845;r_2846;r_2847;r_2848;r_2849;r_2850;r_2851,16,True,0.010416437798675585,0.01041643765397785,optimal,True,1.2499725626899428e-08,1.2499725626899428e-08,Optimization terminated successfully. (HiGHS Status 7: Optimal),0.9999999861087122,optimal,0.0,0.010432178604738461,0.9999994482333281,optimal,0.0,0.005902246063347872,1.0000000077382183,optimal,0.0,0.0011804471384396537,0.9999528720907243,0.0,0.0,0.0005902225636546984,optimal
YNL325C,v2a_historical_ethanol_stage,r_3216;r_3217;r_3218;r_3219;r_3220;r_3221;r_3222;r_3223,8,True,0.010416437798675585,0.010416437653973426,optimal,True,1.249972562689412e-08,1.249972562689412e-08,Optimization terminated successfully. (HiGHS Status 7: Optimal),0.9999999861082876,optimal,0.0,0.010432178508185657,0.9999994389780464,optimal,0.0,0.00590224614499826,1.0000000215720009,optimal,0.0,0.0011804492289427507,0.999954642948993,0.0,0.0,0.0005902245280704755,optimal
YNR008W,v2a_historical_ethanol_stage,r_2884;r_2885;r_2886;r_2887;r_2888;r_2889;r_2890;r_2891;r_2892;r_2893;r_2894;r_2895;r_2896;r_2897;r_2898;r_2899;r_2900;r_2901;r_2902;r_2903;r_2904;r_2905;r_2906;r_2907;r_2908;r_2909;r_2910;r_2911;r_2912;r_2913;r_2914;r_2915;r_2916;r_2917;r_2918;r_2919;r_2920;r_2921;r_2922;r_2923;r_2924;r_2925;r_2926;r_2927;r_2928;r_2929;r_2930;r_2931;r_2932;r_2933;r_2934;r_2935;r_2936;r_2937;r_2938;r_2939;r_2940;r_2941;r_2942;r_2943;r_2944;r_2945;r_2946;r_2947;r_2948;r_2949;r_2950;r_2951;r_2952;r_2953;r_2954;r_2955;r_2956;r_2957;r_2958;r_2959;r_2960;r_2961;r_2962;r_2963;r_2964;r_2965;r_2966;r_2967;r_2968;r_2969;r_2970;r_2971;r_2972;r_2973;r_2974;r_2975;r_2976;r_2977;r_2978;r_2979;r_2980;r_2981;r_2982;r_2983;r_2984;r_2985;r_2986;r_2987;r_2988;r_2989;r_2990;r_2991;r_2992;r_2993;r_2994;r_2995;r_2996;r_2997;r_2998;r_2999;r_3000;r_3001;r_3002;r_3003;r_3004;r_3005;r_3006;r_3007;r_3008;r_3009;r_3010;r_3011,128,True,0.010416437798675585,0.010416437573576479,optimal,True,1.2499725530417778e-08,1.2499725530417778e-08,Optimization terminated successfully. (HiGHS Status 7: Optimal),0.999999978390011,optimal,0.0,0.010432146762826576,0.9999963959567594,optimal,0.0,0.005902246063481897,1.0000000077609257,optimal,0.0,0.0011804490813899235,0.9999545179574805,0.0,0.0,0.0005902247011970831,optimal
YNR012W,v2a_historical_ethanol_stage,r_0315,1,True,0.010416437798675585,0.010416437573509655,optimal,True,1.2499725530337591e-08,1.2499725530337591e-08,Optimization terminated successfully. (HiGHS Status 7: Optimal),0.9999999783835959,optimal,0.0,0.01043217850012534,0.999999438205407,optimal,0.0,0.005902246099519209,1.0000000138666203,optimal,0.0,0.001180449147092857,0.9999545736142185,0.0,0.0,0.0005902813753759573,optimal
YNR027W,v2a_historical_ethanol_stage,r_2025;r_2026,2,True,0.010416437798675585,0.010416435668636748,optimal,True,1.2499723244490022e-08,0.0,Optimization terminated successfully. (HiGHS Status 7: Optimal),0.9999997955117789,optimal,0.0,0.010432146754634202,0.9999963951714613,optimal,0.0,0.0059022460996631925,1.0000000138910152,optimal,0.0,0.001180448999393657,0.999954448498714,0.0,0.0,0.0005902266655592409,optimal
YOL011W,v2a_historical_ethanol_stage,r_3070;r_3071;r_3072;r_3073;r_3074;r_3075;r_3076;r_3077;r_3078;r_3079;r_3080;r_3081,12,True,0.010416437798675585,0.010416435957958735,optimal,True,1.2499723591676418e-08,1.2499723591676418e-08,Optimization terminated successfully. (HiGHS Status 7: Optimal),0.9999998232872999,optimal,0.0,0.010432221953315488,1.0000036035066175,optimal,0.0,0.00590224389572455,0.9999996404842415,optimal,0.0,0.001180445179416682,0.9999512126088355,0.0,0.0,0.0005902223211259345,optimal
YOL059W,v2a_historical_ethanol_stage,r_0492,1,True,0.010416437798675585,0.010416437573557192,optimal,True,1.2499725530394635e-08,1.2499725530394635e-08,Optimization terminated successfully. (HiGHS Status 7: Optimal),0.9999999783881595,optimal,0.0,0.01043216877500191,0.9999985059822892,optimal,0.0,0.005902246017641749,0.9999999999943657,optimal,0.0,0.0011804491469963267,0.9999545735324479,0.0,0.0,0.0005902814624106053,optimal
YOL064C,v2a_historical_ethanol_stage,r_0032,1,True,0.010416437798675585,0.01014314205648698,optimal,True,1.2171770898310346e-08,1.2171770898310346e-08,Optimization terminated successfully. (HiGHS Status 7: Optimal),0.9737630322888932,optimal,0.0,0.01040180007979848,0.9970874478421226,optimal,0.0,0.005743216688199048,0.9730561333770699,optimal,0.0,0.0008941962070338477,0.7574706535508609,0.0,0.0,0.0005902246818194844,optimal
YOL065C,v2a_historical_ethanol_stage,r_3208;r_3209;r_3210;r_3211;r_3212;r_3213;r_3214;r_3215,8,True,0.010416437798675585,0.010416437653930969,optimal,True,1.249972562684317e-08,1.249972562684317e-08,Optimization terminated successfully. (HiGHS Status 7: Optimal),0.9999999861042116,optimal,0.0,0.010432184555808636,1.0000000186862619,optimal,0.0,0.005902246145267893,1.000000021617684,optimal,0.0,0.0011805045846201771,1.0000015345605076,0.0,0.0,0.0005902831152403954,optimal
YOL126C,v2a_historical_ethanol_stage,r_0714,1,True,0.010416437798675585,0.01041643757356756,optimal,True,1.2499725530407078e-08,1.2499725530407078e-08,Optimization terminated successfully. (HiGHS Status 7: Optimal),0.9999999783891549,optimal,0.0,0.010432178814138921,0.9999994683058702,optimal,0.0,0.005902244983788898,0.99999982483175,optimal,0.0,0.0011804471384694853,0.9999528721159945,0.0,0.0,0.0005902226500726503,optimal
YOL151W,v2a_historical_ethanol_stage,r_0696,1,True,0.010416437798675585,0.010416437573581041,optimal,True,1.2499725530423254e-08,1.2499725530423254e-08,Optimization terminated successfully. (HiGHS Status 7: Optimal),0.999999978390449,optimal,0.0,0.01043217850085614,0.9999994382754595,optimal,0.0,0.005902245029385186,0.9999998325569935,optimal,0.0,0.0011804471384059666,0.9999528720621881,0.0,0.0,0.0005902226502852799,optimal
YOR126C,v2a_historical_ethanol_stage,r_0369;r_0656;r_0657;r_4711;r_4712;r_4713;r_4714;r_4715;r_4716;r_4717;r_4720;r_4721,12,True,0.010416437798675585,0.010416437573557355,optimal,True,1.249972553039483e-08,1.249972553039483e-08,Optimization terminated successfully. (HiGHS Status 7: Optimal),0.9999999783881751,optimal,0.0,0.010432178508897789,0.9999994390463094,optimal,0.0,0.005902246145108732,1.0000000215907179,optimal,0.0,0.001180449228811393,0.9999546428377205,0.0,0.0,0.0005902832013948954,optimal
YOR136W,v2a_historical_ethanol_stage,r_0658,1,True,0.010416437798675585,0.010205460236045152,optimal,True,1.2246552716425248e-08,1.2246552716425248e-08,Optimization terminated successfully. (HiGHS Status 7: Optimal),0.9797457089738243,optimal,0.0,0.010432178299010046,0.9999994189270578,optimal,0.0,0.005853208734396882,0.9916917588437905,optimal,0.0,0.0009729491365287971,0.8241820000141389,0.0,0.0,0.0005976723423369034,optimal
YOR142W,v2a_historical_ethanol_stage,r_0668;r_1022,2,True,0.010416437798675585,0.010416437573509655,optimal,True,1.2499725530337591e-08,1.2499725530337591e-08,Optimization terminated successfully. (HiGHS Status 7: Optimal),0.9999999783835959,optimal,0.0,0.010432146562761053,0.9999963767790382,optimal,0.0,0.005902245029260579,0.9999998325358818,optimal,0.0,0.0011804472206518608,0.9999529417324133,0.0,0.0,0.0005902227364345499,optimal
YOR155C,v2a_historical_ethanol_stage,r_0077,1,True,0.010416437798675585,0.010416437653931182,optimal,True,1.2499725626843427e-08,1.2499725626843427e-08,Optimization terminated successfully. (HiGHS Status 7: Optimal),0.9999999861042321,optimal,0.0,0.01043217861752752,0.9999994494592516,optimal,0.0,0.005902246017643853,0.9999999999947222,optimal,0.0,0.0011804491470205282,0.9999545735529489,0.0,0.0,0.0005902246839190768,optimal
YOR163W,v2a_historical_ethanol_stage,r_0082;r_0357,2,True,0.010416437798675585,0.010416437573580996,optimal,True,1.24997255304232e-08,1.24997255304232e-08,Optimization terminated successfully. (HiGHS Status 7: Optimal),0.9999999783904446,optimal,0.0,0.010432178804377181,0.9999994673701371,optimal,0.0,0.005902243895384487,0.9999996404266256,optimal,0.0,0.0011804489993966767,0.9999544485012719,0.0,0.0,0.0005902246148391198,optimal
YOR175C,v2a_historical_ethanol_stage,r_2332;r_2334;r_2336;r_2338,4,True,0.010416437798675585,0.010411328451368747,optimal,True,1.2493594583551645e-08,1.2493594583551645e-08,Optimization terminated successfully. (HiGHS Status 7: Optimal),0.9995094918814292,optimal,0.0,0.010431651765744662,0.9999489469216588,optimal,0.0,0.005899348572737733,0.9995090945161225,optimal,0.0,0.001175233680393838,0.9955365689995678,0.0,0.0,0.0005902245280323341,optimal
YOR180C,v2a_historical_ethanol_stage,r_2301;r_2302,2,True,0.010416437798675585,0.01041643757350953,optimal,True,1.2499725530337441e-08,1.2499725530337441e-08,Optimization terminated successfully. (HiGHS Status 7: Optimal),0.9999999783835839,optimal,0.0,0.010432178493814039,0.9999994376004233,optimal,0.0,0.0059022460997327905,1.000000013902807,optimal,0.0,0.0011804471879486608,0.9999529140296407,0.0,0.0,0.0005902227023375202,optimal
YOR184W,v2a_historical_ethanol_stage,r_0918,1,True,0.010416437798675585,0.009990594140810284,optimal,True,1.1988713393023408e-08,1.1988713393023408e-08,Optimization terminated successfully. (HiGHS Status 7: Optimal),0.9591181106155652,optimal,0.0,0.010385245445768954,0.9955005669496012,optimal,0.0,0.005650663369745389,0.9573750997203065,optimal,0.0,0.0007276002335483775,0.6163477546587116,0.0,0.0,0.0005902196327026917,optimal
YOR245C,v2a_historical_ethanol_stage,r_2400;r_2401;r_2402;r_2403;r_2404;r_2405;r_2406;r_2407;r_2408;r_2409;r_2410;r_2411;r_2412;r_2413;r_2414;r_2415;r_2416;r_2417;r_2418;r_2419;r_2420;r_2421;r_2422;r_2423;r_2424;r_2425;r_2426;r_2427;r_2428;r_2429;r_2430;r_2431,32,True,0.010416437798675585,0.010416437653931142,optimal,True,1.2499725626843379e-08,1.2499725626843379e-08,Optimization terminated successfully. (HiGHS Status 7: Optimal),0.9999999861042282,optimal,0.0,0.010432146769063557,0.9999963965546189,optimal,0.0,0.005902275846777716,1.000005053856214,optimal,0.0,0.0011805045028114099,1.000001465260571,0.0,0.0,0.0005902226153041148,optimal
YOR251C,v2a_historical_ethanol_stage,r_4703,1,True,0.010416437798675585,0.010416437573485099,optimal,True,1.2499725530308122e-08,1.2499725530308122e-08,Optimization terminated successfully. (HiGHS Status 7: Optimal),0.9999999783812383,optimal,0.0,0.010432178818985498,0.9999994687704494,optimal,0.0,0.0059022460997035404,1.000000013897851,optimal,0.0,0.0011804473520586039,0.9999530530466314,0.0,0.0,0.0005902248569253953,optimal
YOR253W,v2a_historical_ethanol_stage,r_0992,1,True,0.010416437798675585,0.010416437573817735,optimal,True,1.2499725530707287e-08,1.2499725530707287e-08,Optimization terminated successfully. (HiGHS Status 7: Optimal),0.9999999784131721,optimal,0.0,0.010432178486066711,0.9999994368577863,optimal,0.0,0.005902276852900928,1.0000052243206794,optimal,0.0,0.001180448999656684,0.9999544487215233,0.0,0.0,0.0005902246143236776,optimal
YOR311C,v2a_historical_ethanol_stage,r_2512;r_2513;r_2514;r_2515;r_2516;r_2517;r_2518;r_2519,8,True,0.010416437798675585,0.010416437718262861,optimal,True,1.2499725704041444e-08,1.2499725704041444e-08,Optimization terminated successfully. (HiGHS Status 7: Optimal),0.999999992280209,optimal,0.0,0.010432146575585038,0.9999963780083094,optimal,0.0,0.005902246017548797,0.9999999999786172,optimal,0.0,0.0011804473518858103,0.9999530529002585,0.0,0.0,0.0005902227192356507,optimal
YOR317W,v2a_historical_ethanol_stage,r_2194;r_2200,2,True,0.010416437798675585,0.010416437573580954,optimal,True,1.249972553042315e-08,1.249972553042315e-08,Optimization terminated successfully. (HiGHS Status 7: Optimal),0.9999999783904406,optimal,0.0,0.010432223105095288,1.0000037139130062,optimal,0.0,0.0059022460634123065,1.0000000077491353,optimal,0.0,0.001180449080925836,0.9999545175643535,0.0,0.0,0.000590224701066834,optimal
YOR323C,v2a_historical_ethanol_stage,r_0473,1,True,0.010416437798675585,0.010416437573581884,optimal,True,1.2499725530424265e-08,1.2499725530424265e-08,Optimization terminated successfully. (HiGHS Status 7: Optimal),0.9999999783905299,optimal,0.0,0.01043217830698006,0.9999994196910409,optimal,0.0,0.005902244013848355,0.9999996604976067,optimal,0.0,0.0011804489992614134,0.9999544483866908,0.0,0.0,0.0005902208072636032,optimal
YOR360C,v2a_historical_ethanol_stage,r_0034;r_0035;r_0036;r_0037,4,True,0.010416437798675585,0.010416437653930988,optimal,True,1.2499725626843193e-08,1.2499725626843193e-08,Optimization terminated successfully. (HiGHS Status 7: Optimal),0.9999999861042135,optimal,0.0,0.010432184547814886,1.0000000179200035,optimal,0.0,0.00590227685281975,1.0000052243069255,optimal,0.0,0.0011805045030901535,1.0000014654966938,0.0,0.0,0.0005902831151717092,optimal
YOR374W,v2a_historical_ethanol_stage,r_0174;r_0176;r_0201,3,True,0.010416437798675585,0.008946357507582114,optimal,True,1.0735629388826949e-08,1.0735629388826949e-08,Optimization terminated successfully. (HiGHS Status 7: Optimal),0.8588691912238571,optimal,0.0,0.007906054321272279,0.7578522433831745,optimal,0.0,0.00388397970950502,0.658051138138594,growth_floor_infeasible,,,,0.0,0.0,0.0004648164505134686,optimal
YOR388C,v2a_historical_ethanol_stage,r_0445,1,True,0.010416437798675585,0.010416435877584743,optimal,True,1.2499723495227623e-08,1.2499723495227623e-08,Optimization terminated successfully. (HiGHS Status 7: Optimal),0.9999998155712271,optimal,0.0,0.01043223025788397,1.0000043995593133,optimal,0.0,0.005902246145140781,1.0000000215961478,optimal,0.0,0.0011805028552280949,1.0000000695981865,0.0,0.0,0.0005902832880498672,optimal
YPL061W,v2a_historical_ethanol_stage,r_0173;r_0177,2,True,0.010416437798675585,0.010242429562315638,optimal,True,1.2290915909518995e-08,1.2290915909518995e-08,Optimization terminated successfully. (HiGHS Status 7: Optimal),0.9832948422749597,optimal,0.0,0.010307380009197214,0.9880366040940554,optimal,0.0,0.005707961653391864,0.9670829776154144,optimal,0.0,0.0009999579234869285,0.8470610542394464,0.0,0.0,0.0005902246999504564,optimal
YPL069C,v2a_historical_ethanol_stage,r_0373,1,True,0.010416437798675585,0.010416437573563218,optimal,True,1.2499725530401867e-08,1.2499725530401867e-08,Optimization terminated successfully. (HiGHS Status 7: Optimal),0.999999978388738,optimal,0.0,0.0,0.0,optimal,0.0,0.0,0.0,optimal,0.0,0.0,0.0,0.0,0.0,0.0,optimal
YPL087W,v2a_historical_ethanol_stage,r_0340;r_0341;r_0342;r_0343,4,True,0.010416437798675585,0.010416437653948063,optimal,True,1.2499725626863684e-08,1.2499725626863684e-08,Optimization terminated successfully. (HiGHS Status 7: Optimal),0.9999999861058526,optimal,0.0,0.010432178494506606,0.9999994376668109,optimal,0.0,0.005902244984836372,0.9999998250092205,optimal,0.0,0.001180447138381942,0.9999528720418369,0.0,0.0,0.0005902225638451873,optimal
YPL091W,v2a_historical_ethanol_stage,r_0481;r_0482,2,True,0.010416437798675585,0.010416437573582439,optimal,True,1.2499725530424932e-08,1.2499725530424932e-08,Optimization terminated successfully. (HiGHS Status 7: Optimal),0.9999999783905832,optimal,0.0,0.010432184368637597,1.0000000007445697,optimal,0.0,0.0059022748489224505,1.000004884792562,optimal,0.0,0.0011805008957399134,0.9999984097222201,0.0,0.0,0.0005902793940381413,optimal
YPL110C,v2a_historical_ethanol_stage,r_0497,1,True,0.010416437798675585,0.010416437653930983,optimal,True,1.2499725626843187e-08,1.2499725626843187e-08,Optimization terminated successfully. (HiGHS Status 7: Optimal),0.9999999861042129,optimal,0.0,0.010432178818997627,0.9999994687716122,optimal,0.0,0.00590224609950139,1.0000000138636014,optimal,0.0,0.0011804471880507098,0.9999529141160861,0.0,0.0,0.0005902246834925812,optimal
YPL111W,v2a_historical_ethanol_stage,r_0206,1,True,0.010416437798675585,0.010416437653982966,optimal,True,1.2499725626905566e-08,1.2499725626905566e-08,Optimization terminated successfully. (HiGHS Status 7: Optimal),0.9999999861092034,optimal,0.0,0.010432178617946347,0.999999449499399,optimal,0.0,0.005902245056782554,0.9999998371988482,optimal,0.0,0.0011804489992768073,0.999954448399731,0.0,0.0,0.0005902227017996214,optimal
YPL148C,v2a_historical_ethanol_stage,r_0119,1,True,0.010416437798675585,0.010416437653942325,optimal,True,1.2499725626856797e-08,1.2499725626856797e-08,Optimization terminated successfully. (HiGHS Status 7: Optimal),0.9999999861053017,optimal,0.0,0.010432146754713965,0.9999963951791071,optimal,0.0,0.0059022460175064415,0.999999999971441,optimal,0.0,0.0011804472697969875,0.9999529833630879,0.0,0.0,0.0005902246838457089,optimal
YPL206C,v2a_historical_ethanol_stage,r_3098;r_3099;r_3100;r_3101;r_3102;r_3103,6,True,0.010416437798675585,0.010416437573580873,optimal,True,1.2499725530423052e-08,1.2499725530423052e-08,Optimization terminated successfully. (HiGHS Status 7: Optimal),0.9999999783904329,optimal,0.0,0.01043215250607358,0.9999969464883457,optimal,0.0,0.005902246144535039,1.0000000214935187,optimal,0.0,0.0011804489996501402,0.99995444871598,0.0,0.0,0.0005902248566577997,optimal
YPL262W,v2a_historical_ethanol_stage,r_0451;r_0452,2,True,0.010416437798675585,0.0,optimal,True,8.548283732031281e-14,5.024314297941146e-13,Optimization terminated successfully. (HiGHS Status 7: Optimal),0.0,growth_floor_infeasible,,,,growth_floor_infeasible,,,,growth_floor_infeasible,,,,0.0,0.0,0.0014795771834608788,optimal
YPR001W,v2a_historical_ethanol_stage,r_0028,1,True,0.010416437798675585,0.010416437573568459,optimal,True,1.2499725530408155e-08,1.2499725530408155e-08,Optimization terminated successfully. (HiGHS Status 7: Optimal),0.9999999783892412,optimal,0.0,0.010432146762805173,0.9999963959547077,optimal,0.0,0.005902245056911438,0.9999998372206846,optimal,0.0,0.001180449081029457,0.9999545176521306,0.0,0.0,0.0005902247012455006,optimal
YPR002W,v2a_historical_ethanol_stage,r_0117,1,True,0.010416437798675585,0.010416437573568459,optimal,True,1.2499725530408155e-08,1.2499725530408155e-08,Optimization terminated successfully. (HiGHS Status 7: Optimal),0.9999999783892412,optimal,0.0,0.010432146762805173,0.9999963959547077,optimal,0.0,0.005902245056911438,0.9999998372206846,optimal,0.0,0.001180449081029457,0.9999545176521306,0.0,0.0,0.0005902247012455006,optimal
YPR006C,v2a_historical_ethanol_stage,r_0734,1,True,0.010416437798675585,0.010416437573568459,optimal,True,1.2499725530408155e-08,1.2499725530408155e-08,Optimization terminated successfully. (HiGHS Status 7: Optimal),0.9999999783892412,optimal,0.0,0.010432146762805173,0.9999963959547077,optimal,0.0,0.005902245056911438,0.9999998372206846,optimal,0.0,0.001180449081029457,0.9999545176521306,0.0,0.0,0.0005902247012455006,optimal
YPR062W,v2a_historical_ethanol_stage,r_0318;r_4764,2,True,0.010416437798675585,0.010416437573507678,optimal,True,1.2499725530335217e-08,1.2499725530335217e-08,Optimization terminated successfully. (HiGHS Status 7: Optimal),0.999999978383406,optimal,0.0,0.010432178804754128,0.9999994674062702,optimal,0.0,0.005902245056456238,0.9999998371435614,optimal,0.0,0.0011804489993683135,0.9999544484772456,0.0,0.0,0.0005902812374282914,optimal
YPR069C,v2a_historical_ethanol_stage,r_1001,1,True,0.010416437798675585,0.010416437573603207,optimal,True,1.2499725530449853e-08,1.2499725530449853e-08,Optimization terminated successfully. (HiGHS Status 7: Optimal),0.999999978392577,optimal,0.0,0.010432178812845534,0.9999994681818898,optimal,0.0,0.005902246062971827,1.0000000076745061,optimal,0.0,0.0011804490814737788,0.999954518028514,0.0,0.0,0.0005902227020017969,optimal
YPR127W,v2a_historical_ethanol_stage,r_4330,1,True,0.010416437798675585,0.01041643765394145,optimal,True,1.2499725626855748e-08,1.2499725626855748e-08,Optimization terminated successfully. (HiGHS Status 7: Optimal),0.9999999861052178,optimal,0.0,0.010432230759431947,1.0000044476362988,optimal,0.0,0.005902276853019604,1.0000052243407862,optimal,0.0,0.0011804489996384468,0.9999544487060746,0.0,0.0,0.0005902832018384944,optimal
YPR140W,v2a_historical_ethanol_stage,r_2620;r_2621;r_2622;r_2623;r_2624;r_2625;r_2626;r_2627;r_2628;r_2629;r_2630;r_2631;r_2632;r_2633;r_2634;r_2635;r_2636;r_2637;r_2638;r_2639;r_2640;r_2641;r_2642;r_2643;r_2644;r_2645;r_2646;r_2647;r_2648;r_2649;r_2650;r_2651;r_2652;r_2653;r_2654;r_2655;r_2656;r_2657;r_2658;r_2659;r_2660;r_2661;r_2662;r_2663;r_2664;r_2665;r_2666;r_2667;r_2668;r_2669;r_2670;r_2671;r_2672;r_2673;r_2674;r_2675;r_2676;r_2677;r_2678;r_2679;r_2680;r_2681;r_2682;r_2683;r_2684;r_2685;r_2686;r_2687;r_2688;r_2689;r_2690;r_2691;r_2692;r_2693;r_2694;r_2695;r_2696;r_2697;r_2698;r_2699;r_2700;r_2701;r_2702;r_2703;r_2704;r_2705;r_2706;r_2707;r_2708;r_2709;r_2710;r_2711;r_2712;r_2713;r_2714;r_2715;r_2716;r_2717;r_2718;r_2719;r_2720;r_2721;r_2722;r_2723;r_2724;r_2725;r_2726;r_2727;r_2728;r_2729;r_2730;r_2731;r_2732;r_2733;r_2734;r_2735;r_2736;r_2737;r_2738;r_2739;r_2740;r_2741;r_2742;r_2743;r_2744;r_2745;r_2746;r_2747;r_2748;r_2749;r_2750;r_2751;r_2752;r_2753;r_2754;r_2755;r_2756;r_2757;r_2758;r_2759;r_2760;r_2761;r_2762;r_2763;r_2764;r_2765;r_2766;r_2767;r_2768;r_2769;r_2770;r_2771;r_2772;r_2773;r_2774;r_2775;r_2776;r_2777;r_2778;r_2779;r_2780;r_2781;r_2782;r_2783;r_2784;r_2785;r_2786;r_2787;r_2788;r_2789;r_2790;r_2791;r_2792;r_2793;r_2794;r_2795;r_2796;r_2797;r_2798;r_2799;r_2800;r_2801;r_2802;r_2803;r_2804;r_2805;r_2806;r_2807;r_2808;r_2809;r_2810;r_2811,192,True,0.010416437798675585,0.010416437653932192,optimal,True,1.2499725626844638e-08,1.2499725626844638e-08,Optimization terminated successfully. (HiGHS Status 7: Optimal),0.999999986104329,optimal,0.0,0.010432178500619024,0.9999994382527302,optimal,0.0,0.005902245056683418,0.9999998371820519,optimal,0.0,0.0011804471879003323,0.9999529139887018,0.0,0.0,0.0005902226155964608,optimal
YPR160W,v2a_historical_ethanol_stage,r_0511,1,True,0.010416437798675585,0.010416437573509343,optimal,True,1.2499725530337216e-08,1.2499725530337216e-08,Optimization terminated successfully. (HiGHS Status 7: Optimal),0.9999999783835659,optimal,0.0,0.010432146567688169,0.9999963772513377,optimal,0.0,0.005902244983712402,0.9999998248187896,optimal,0.0,0.0011804451786199066,0.9999512119338896,0.0,0.0,0.0005902205820794402,optimal
YPR184W,v2a_historical_ethanol_stage,r_0463,1,True,0.010416437798675585,0.010416437718164216,optimal,True,1.249972570392307e-08,1.249972570392307e-08,Optimization terminated successfully. (HiGHS Status 7: Optimal),0.9999999922707388,optimal,0.0,0.010432178819178696,0.9999994687889688,optimal,0.0,0.005902244013835696,0.9999996604954619,optimal,0.0,0.0011805027735013766,1.0000000003677536,0.0,0.0,0.0005902226326942714,optimal
